,App,Category,Rating,Reviews,Size,Installs,Type,Price,Content_Rating,Genres,Last_Updated,Current_Ver,Android_Ver
22,Superheroes Wallpapers | 4K Backgrounds,ART_AND_DESIGN,4.7,7699,4.2M,"500,000+",Free,0,Everyone 10+,Art & Design,"July 12, 2018",2.2.6.2,4.0.3 and up
77,Police Detector (Speed Camera Radar),AUTO_AND_VEHICLES,4.3,3574,3.9M,"1,000,000+",Free,0,Everyone 10+,Auto & Vehicles,"July 4, 2018",1.6,4.0 and up
113,Wrinkles and rejuvenation,BEAUTY,,182,5.7M,"100,000+",Free,0,Everyone 10+,Beauty,"September 20, 2017",8.0,3.0 and up
130,Recipes and tips for losing weight,BEAUTY,,35,3.1M,"10,000+",Free,0,Everyone 10+,Beauty,"December 11, 2017",2.0,3.0 and up
141,Download free book with green book,BOOKS_AND_REFERENCE,4.6,4478,9.5M,"100,000+",Free,0,Everyone 10+,Books & Reference,"July 31, 2017",1.1,4.0 and up
186,English Dictionary - Offline,BOOKS_AND_REFERENCE,4.4,341157,30M,"10,000,000+",Free,0,Everyone 10+,Books & Reference,"March 20, 2018",3.9.1,4.2 and up
308,Funny Jokes Photos,COMICS,4.4,39,4.3M,"10,000+",Free,0,Everyone 10+,Comics,"July 3, 2018",1.1,4.2 and up
326,Buff Thun - Daily Free Webtoon / Comics / Web Fiction / Mini Game,COMICS,4.5,9952,38M,"500,000+",Free,0,Everyone 10+,Comics,"July 31, 2018",4.3.0,4.1 and up
700,TED,EDUCATION,4.6,181893,18M,"10,000,000+",Free,0,Everyone 10+,Education,"July 27, 2018",3.2.5,4.1 and up
739,TED,EDUCATION,4.6,181893,18M,"10,000,000+",Free,0,Everyone 10+,Education,"July 27, 2018",3.2.5,4.1 and up
743,"edX - Online Courses by Harvard, MIT & more",EDUCATION,4.6,32381,10M,"1,000,000+",Free,0,Everyone 10+,Education,"July 15, 2018",2.15.1,4.1 and up
783,TED,EDUCATION,4.6,181893,18M,"10,000,000+",Free,0,Everyone 10+,Education,"July 27, 2018",3.2.5,4.1 and up
789,"edX - Online Courses by Harvard, MIT & more",EDUCATION,4.6,32380,10M,"1,000,000+",Free,0,Everyone 10+,Education,"July 15, 2018",2.15.1,4.1 and up
808,"busuu: Learn Languages - Spanish, English & More",EDUCATION,4.3,206527,21M,"10,000,000+",Free,0,Everyone 10+,Education,"August 1, 2018",13.9.0.161,5.0 and up
835,"busuu: Learn Languages - Spanish, English & More",EDUCATION,4.3,206532,21M,"10,000,000+",Free,0,Everyone 10+,Education,"August 1, 2018",13.9.0.161,5.0 and up
846,"busuu: Learn Languages - Spanish, English & More",EDUCATION,4.3,206532,21M,"10,000,000+",Free,0,Everyone 10+,Education,"August 1, 2018",13.9.0.161,5.0 and up
917,Nick,ENTERTAINMENT,4.2,123279,25M,"10,000,000+",Free,0,Everyone 10+,Entertainment;Music & Video,"January 24, 2018",2.0.8,4.4 and up
937,Nick,ENTERTAINMENT,4.2,123279,25M,"10,000,000+",Free,0,Everyone 10+,Entertainment;Music & Video,"January 24, 2018",2.0.8,4.4 and up
952,LEGO® TV,ENTERTAINMENT,3.7,17247,7.2M,"1,000,000+",Free,0,Everyone 10+,Entertainment;Music & Video,"August 4, 2018",4.0.2,5.0 and up
963,Nick,ENTERTAINMENT,4.2,123279,25M,"10,000,000+",Free,0,Everyone 10+,Entertainment;Music & Video,"January 24, 2018",2.0.8,4.4 and up
992,Nick,ENTERTAINMENT,4.2,123279,25M,"10,000,000+",Free,0,Everyone 10+,Entertainment;Music & Video,"January 24, 2018",2.0.8,4.4 and up
1024,Sarajevo Film Festival - Official,EVENTS,,6,9.7M,100+,Free,0,Everyone 10+,Events,"July 31, 2018",2.0.1,4.4W and up
1026,Events High - Meet Your City!,EVENTS,4.2,3200,Varies with device,"100,000+",Free,0,Everyone 10+,Events,"June 23, 2018",Varies with device,Varies with device
1036,Emmabodafestivalen,EVENTS,4.8,12,29M,"1,000+",Free,0,Everyone 10+,Events,"June 28, 2018",42.0,4.2 and up
1198,Easy and quick desserts,FOOD_AND_DRINK,4.6,1398,10M,"100,000+",Free,0,Everyone 10+,Food & Drink,"June 14, 2018",1.0,4.0.3 and up
1224,50 Healthy Slow Cooker Recipes,FOOD_AND_DRINK,4.0,196,9.0M,"10,000+",Free,0,Everyone 10+,Food & Drink,"February 17, 2017",1.2,2.3.3 and up
1358,"Spot On Period, Birth Control, & Cycle Tracker",HEALTH_AND_FITNESS,4.6,4102,24M,"500,000+",Free,0,Everyone 10+,Health & Fitness,"July 19, 2018",2.6.1,4.2 and up
1371,Tracks,HEALTH_AND_FITNESS,4.6,623,40M,"50,000+",Free,0,Everyone 10+,Health & Fitness,"July 17, 2017",1.2.3,4.0.3 and up
1393,10 Best Foods for You,HEALTH_AND_FITNESS,4.0,2490,3.8M,"500,000+",Free,0,Everyone 10+,Health & Fitness,"February 17, 2017",1.9,2.3.3 and up
1407,10 Best Foods for You,HEALTH_AND_FITNESS,4.0,2490,3.8M,"500,000+",Free,0,Everyone 10+,Health & Fitness,"February 17, 2017",1.9,2.3.3 and up
1432,Self-help Anxiety Management,HEALTH_AND_FITNESS,4.0,2894,23M,"500,000+",Free,0,Everyone 10+,Health & Fitness,"February 22, 2017",1.2.6,4.0.3 and up
1570,Horoscopes – Daily Zodiac Horoscope and Astrology,LIFESTYLE,4.6,161143,11M,"10,000,000+",Free,0,Everyone 10+,Lifestyle,"June 25, 2018",5.2.4(881),4.0.3 and up
1653,ROBLOX,GAME,4.5,4447388,67M,"100,000,000+",Free,0,Everyone 10+,Adventure;Action & Adventure,"July 31, 2018",2.347.225742,4.1 and up
1654,Subway Surfers,GAME,4.5,27722264,76M,"1,000,000,000+",Free,0,Everyone 10+,Arcade,"July 12, 2018",1.90.0,4.1 and up
1660,Clash Royale,GAME,4.6,23133508,97M,"100,000,000+",Free,0,Everyone 10+,Strategy,"June 27, 2018",2.3.2,4.1 and up
1666,Plants vs. Zombies FREE,GAME,4.4,4066989,69M,"100,000,000+",Free,0,Everyone 10+,Strategy,"July 6, 2018",2.2.00,4.1 and up
1670,Clash of Clans,GAME,4.6,44891723,98M,"100,000,000+",Free,0,Everyone 10+,Strategy,"July 15, 2018",10.322.16,4.1 and up
1685,Zombie Tsunami,GAME,4.4,4920817,Varies with device,"100,000,000+",Free,0,Everyone 10+,Arcade,"June 15, 2018",Varies with device,Varies with device
1692,Shooting King,GAME,4.4,257724,69M,"10,000,000+",Free,0,Everyone 10+,Sports,"May 25, 2018",1.4.2,4.0.3 and up
1694,Minion Rush: Despicable Me Official Game,GAME,4.5,10216538,Varies with device,"100,000,000+",Free,0,Everyone 10+,Casual;Action & Adventure,"July 12, 2018",Varies with device,Varies with device
1700,Subway Surfers,GAME,4.5,27723193,76M,"1,000,000,000+",Free,0,Everyone 10+,Arcade,"July 12, 2018",1.90.0,4.1 and up
1701,ROBLOX,GAME,4.5,4447346,67M,"100,000,000+",Free,0,Everyone 10+,Adventure;Action & Adventure,"July 31, 2018",2.347.225742,4.1 and up
1704,Clash of Clans,GAME,4.6,44891723,98M,"100,000,000+",Free,0,Everyone 10+,Strategy,"July 15, 2018",10.322.16,4.1 and up
1706,Plants vs. Zombies FREE,GAME,4.4,4066980,69M,"100,000,000+",Free,0,Everyone 10+,Strategy,"July 6, 2018",2.2.00,4.1 and up
1721,Clash Royale,GAME,4.6,23134775,97M,"100,000,000+",Free,0,Everyone 10+,Strategy,"June 27, 2018",2.3.2,4.1 and up
1730,Zombie Tsunami,GAME,4.4,4921122,Varies with device,"100,000,000+",Free,0,Everyone 10+,Arcade,"June 15, 2018",Varies with device,Varies with device
1748,ROBLOX,GAME,4.5,4448791,67M,"100,000,000+",Free,0,Everyone 10+,Adventure;Action & Adventure,"July 31, 2018",2.347.225742,4.1 and up
1750,Subway Surfers,GAME,4.5,27724094,76M,"1,000,000,000+",Free,0,Everyone 10+,Arcade,"July 12, 2018",1.90.0,4.1 and up
1771,Color by Number – New Coloring Book,GAME,4.7,141529,24M,"5,000,000+",Free,0,Everyone 10+,Board,"August 1, 2018",2.0.6,4.1 and up
1788,Run Sausage Run!,GAME,4.4,275447,Varies with device,"10,000,000+",Free,0,Everyone 10+,Arcade,"August 1, 2018",Varies with device,4.1 and up
1789,Tank Stars,GAME,4.3,174755,98M,"10,000,000+",Free,0,Everyone 10+,Arcade,"July 11, 2018",1.1.1,5.0 and up
1790,Castle Clash: Heroes of the Empire US,GAME,4.6,4578476,24M,"50,000,000+",Free,0,Everyone 10+,Strategy,"July 17, 2018",1.4.51,4.1 and up
1807,Disney Heroes: Battle Mode,GAME,4.6,102107,Varies with device,"5,000,000+",Free,0,Everyone 10+,Strategy,"July 31, 2018",1.2.2,Varies with device
1824,Guns of Glory,GAME,4.0,120592,77M,"10,000,000+",Free,0,Everyone 10+,Strategy,"July 31, 2018",2.0.2,4.0.3 and up
1826,Final Fantasy XV: A New Empire,GAME,4.0,484981,Varies with device,"10,000,000+",Free,0,Everyone 10+,Strategy,"June 15, 2018",3.30.4.83,4.1 and up
1832,Clue,GAME,4.6,19922,35M,"100,000+",Paid,$1.99,Everyone 10+,Board,"July 30, 2018",2.2.5,5.0 and up
1841,ROBLOX,GAME,4.5,4449882,67M,"100,000,000+",Free,0,Everyone 10+,Adventure;Action & Adventure,"July 31, 2018",2.347.225742,4.1 and up
1852,Jurassic World™ Alive,GAME,4.3,309176,70M,"5,000,000+",Free,0,Everyone 10+,Simulation,"August 2, 2018",1.3.15,4.4 and up
1857,Hustle Castle: Fantasy Kingdom,GAME,4.7,584126,64M,"10,000,000+",Free,0,Everyone 10+,Role Playing,"July 27, 2018",1.5.4,4.1 and up
1863,Idle Heroes,GAME,4.7,416540,99M,"10,000,000+",Free,0,Everyone 10+,Role Playing,"May 30, 2018",1.14.0,2.3 and up
1870,ROBLOX,GAME,4.5,4449910,67M,"100,000,000+",Free,0,Everyone 10+,Adventure;Action & Adventure,"July 31, 2018",2.347.225742,4.1 and up
1872,Subway Surfers,GAME,4.5,27725352,76M,"1,000,000,000+",Free,0,Everyone 10+,Arcade,"July 12, 2018",1.90.0,4.1 and up
1878,Clash Royale,GAME,4.6,23136735,97M,"100,000,000+",Free,0,Everyone 10+,Strategy,"June 27, 2018",2.3.2,4.1 and up
1879,Clash of Clans,GAME,4.6,44893888,98M,"100,000,000+",Free,0,Everyone 10+,Strategy,"July 15, 2018",10.322.16,4.1 and up
1881,Plants vs. Zombies FREE,GAME,4.4,4067651,69M,"100,000,000+",Free,0,Everyone 10+,Strategy,"July 6, 2018",2.2.00,4.1 and up
1914,Zombie Tsunami,GAME,4.4,4921451,Varies with device,"100,000,000+",Free,0,Everyone 10+,Arcade,"June 15, 2018",Varies with device,Varies with device
1917,Subway Surfers,GAME,4.5,27725352,76M,"1,000,000,000+",Free,0,Everyone 10+,Arcade,"July 12, 2018",1.90.0,4.1 and up
1926,Swamp Attack,GAME,4.4,2119218,70M,"50,000,000+",Free,0,Everyone 10+,Action,"June 29, 2018",3.0.1,4.1 and up
1932,Shadow Fight 2,GAME,4.6,10979062,88M,"100,000,000+",Free,0,Everyone 10+,Action,"July 2, 2018",1.9.38,3.0 and up
1940,Soul Knight,GAME,4.7,292164,59M,"10,000,000+",Free,0,Everyone 10+,Action,"August 1, 2018",1.8.4,4.1 and up
1945,Power Rangers Dino Charge,GAME,4.3,194969,30M,"10,000,000+",Free,0,Everyone 10+,Action,"January 29, 2018",1.4.0,4.1 and up
1950,Battlelands Royale,GAME,4.4,105620,61M,"1,000,000+",Free,0,Everyone 10+,Action,"July 16, 2018",0.5.8,4.1 and up
1951,Once Upon a Tower,GAME,4.7,37139,49M,"1,000,000+",Free,0,Everyone 10+,Action,"January 24, 2018",8,4.1 and up
1954,Arrow.io,GAME,4.5,343263,Varies with device,"10,000,000+",Free,0,Everyone 10+,Action,"August 6, 2018",1.2.6,4.0.3 and up
1956,Dragon Hills,GAME,4.5,354373,66M,"10,000,000+",Free,0,Everyone 10+,Action,"October 12, 2017",1.2.7,4.1 and up
1961,Runner 3d like,GAME,4.5,559,32M,"100,000+",Free,0,Everyone 10+,Action,"August 3, 2018",1.0.7,4.0 and up
1962,War Robots,GAME,4.6,3073251,33M,"50,000,000+",Free,0,Everyone 10+,Action,"July 25, 2018",4.1.1,4.1 and up
1967,Plants vs. Zombies FREE,GAME,4.4,4067651,69M,"100,000,000+",Free,0,Everyone 10+,Strategy,"July 6, 2018",2.2.00,4.1 and up
1996,Swamp Attack,GAME,4.4,2119235,70M,"50,000,000+",Free,0,Everyone 10+,Action,"June 29, 2018",3.0.1,4.1 and up
2005,Super Jabber Jump 3,GAME,4.3,34494,23M,"5,000,000+",Free,0,Everyone 10+,Arcade,"July 11, 2018",2.5.3182,2.3 and up
2007,Jetpack Joyride,GAME,4.4,4638163,96M,"100,000,000+",Free,0,Everyone 10+,Arcade,"July 19, 2018",1.10.12,4.1 and up
2008,Zombie Tsunami,GAME,4.4,4921409,Varies with device,"100,000,000+",Free,0,Everyone 10+,Arcade,"June 15, 2018",Varies with device,Varies with device
2016,ROBLOX,FAMILY,4.5,4449910,67M,"100,000,000+",Free,0,Everyone 10+,Adventure;Action & Adventure,"July 31, 2018",2.347.225742,4.1 and up
2050,Minion Rush: Despicable Me Official Game,FAMILY,4.5,10216997,Varies with device,"100,000,000+",Free,0,Everyone 10+,Casual;Action & Adventure,"July 12, 2018",Varies with device,Varies with device
2058,Baby Tiger Care - My Cute Virtual Pet Friend,FAMILY,4.5,432,63M,"100,000+",Free,0,Everyone 10+,Educational;Education,"July 27, 2018",1.0.89,4.4 and up
2076,Happy Street,FAMILY,4.5,110877,Varies with device,"1,000,000+",Free,0,Everyone 10+,Casual;Action & Adventure,"March 28, 2018",Varies with device,Varies with device
2081,Fuzzy Seasons: Animal Forest,FAMILY,4.8,12137,63M,"100,000+",Free,0,Everyone 10+,Simulation;Pretend Play,"August 6, 2018",149,4.1 and up
2088,ROBLOX,FAMILY,4.5,4450855,67M,"100,000,000+",Free,0,Everyone 10+,Adventure;Action & Adventure,"July 31, 2018",2.347.225742,4.1 and up
2090,Minion Rush: Despicable Me Official Game,FAMILY,4.5,10216997,Varies with device,"100,000,000+",Free,0,Everyone 10+,Casual;Action & Adventure,"July 12, 2018",Varies with device,Varies with device
2107,Ninja Dash - Ronin Jump RPG,FAMILY,4.7,8508,54M,"500,000+",Free,0,Everyone 10+,Arcade;Action & Adventure,"August 2, 2018",1.1.23,4.0.3 and up
2141,Monica Toy TV,FAMILY,4.7,6188,49M,"500,000+",Free,0,Everyone 10+,Entertainment;Music & Video,"April 3, 2018",1.6.4,4.1 and up
2206,ROBLOX,FAMILY,4.5,4450890,67M,"100,000,000+",Free,0,Everyone 10+,Adventure;Action & Adventure,"July 31, 2018",2.347.225742,4.1 and up
2226,Nick,FAMILY,4.2,123322,25M,"10,000,000+",Free,0,Everyone 10+,Entertainment;Music & Video,"January 24, 2018",2.0.8,4.4 and up
2241,Minecraft,FAMILY,4.5,2376564,Varies with device,"10,000,000+",Paid,$6.99,Everyone 10+,Arcade;Action & Adventure,"July 24, 2018",1.5.2.1,Varies with device
2242,Card Wars - Adventure Time,FAMILY,4.3,129603,23M,"1,000,000+",Paid,$2.99,Everyone 10+,Card;Action & Adventure,"February 11, 2016",1.11.0,2.3.3 and up
2248,Paramedic Protocol Provider,MEDICAL,4.5,171,20M,"10,000+",Paid,$10.00,Everyone 10+,Medical,"September 21, 2017",1.8.3,4.1 and up
2289,Critical Care Paramedic Review,MEDICAL,4.4,17,1.8M,"1,000+",Paid,$9.99,Everyone 10+,Medical,"May 14, 2018",2.0.5,4.4W and up
2369,Tarascon Pharmacopoeia,MEDICAL,4.4,275,5.8M,"10,000+",Free,0,Everyone 10+,Medical,"March 16, 2018",3.16.4.1669,4.4 and up
2380,Paramedic Protocol Provider,MEDICAL,4.5,171,20M,"10,000+",Paid,$10.00,Everyone 10+,Medical,"September 21, 2017",1.8.3,4.1 and up
2437,Dare EMS Protocols,MEDICAL,,0,20M,10+,Free,0,Everyone 10+,Medical,"July 26, 2018",1.8.3,4.1 and up
2574,MobilePatrol Public Safety App,SOCIAL,4.0,22695,Varies with device,"1,000,000+",Free,0,Everyone 10+,Social,"June 21, 2018",Varies with device,Varies with device
2959,ESPN,SPORTS,4.2,521138,Varies with device,"10,000,000+",Free,0,Everyone 10+,Sports,"July 19, 2018",Varies with device,5.0 and up
2964,"theScore: Live Sports Scores, News, Stats & Videos",SPORTS,4.4,133825,34M,"10,000,000+",Free,0,Everyone 10+,Sports,"July 25, 2018",6.17.2,4.4 and up
2991,"Bleacher Report: sports news, scores, & highlights",SPORTS,4.4,122282,Varies with device,"5,000,000+",Free,0,Everyone 10+,Sports,"July 20, 2018",Varies with device,Varies with device
3010,ESPN,SPORTS,4.2,521138,Varies with device,"10,000,000+",Free,0,Everyone 10+,Sports,"July 19, 2018",Varies with device,5.0 and up
3012,"Bleacher Report: sports news, scores, & highlights",SPORTS,4.4,122282,Varies with device,"5,000,000+",Free,0,Everyone 10+,Sports,"July 20, 2018",Varies with device,Varies with device
3014,"theScore: Live Sports Scores, News, Stats & Videos",SPORTS,4.4,133825,34M,"10,000,000+",Free,0,Everyone 10+,Sports,"July 25, 2018",6.17.2,4.4 and up
3018,ESPN,SPORTS,4.2,521138,Varies with device,"10,000,000+",Free,0,Everyone 10+,Sports,"July 19, 2018",Varies with device,5.0 and up
3032,Live Golf Scores - US & European Golf,SPORTS,4.2,798,4.7M,"50,000+",Free,0,Everyone 10+,Sports,"August 1, 2018",3.5,4.0 and up
3048,ESPN,SPORTS,4.2,521140,Varies with device,"10,000,000+",Free,0,Everyone 10+,Sports,"July 19, 2018",Varies with device,5.0 and up
3050,"Bleacher Report: sports news, scores, & highlights",SPORTS,4.4,122283,Varies with device,"5,000,000+",Free,0,Everyone 10+,Sports,"July 20, 2018",Varies with device,Varies with device
3055,"theScore: Live Sports Scores, News, Stats & Videos",SPORTS,4.4,133833,34M,"10,000,000+",Free,0,Everyone 10+,Sports,"July 25, 2018",6.17.2,4.4 and up
3060,ESPN,SPORTS,4.2,521140,Varies with device,"10,000,000+",Free,0,Everyone 10+,Sports,"July 19, 2018",Varies with device,5.0 and up
3061,"Bleacher Report: sports news, scores, & highlights",SPORTS,4.4,122283,Varies with device,"5,000,000+",Free,0,Everyone 10+,Sports,"July 20, 2018",Varies with device,Varies with device
3063,"theScore: Live Sports Scores, News, Stats & Videos",SPORTS,4.4,133833,34M,"10,000,000+",Free,0,Everyone 10+,Sports,"July 25, 2018",6.17.2,4.4 and up
3072,ESPN,SPORTS,4.2,521140,Varies with device,"10,000,000+",Free,0,Everyone 10+,Sports,"July 19, 2018",Varies with device,5.0 and up
3080,"Bleacher Report: sports news, scores, & highlights",SPORTS,4.4,122283,Varies with device,"5,000,000+",Free,0,Everyone 10+,Sports,"July 20, 2018",Varies with device,Varies with device
3085,"theScore: Live Sports Scores, News, Stats & Videos",SPORTS,4.4,133833,34M,"10,000,000+",Free,0,Everyone 10+,Sports,"July 25, 2018",6.17.2,4.4 and up
3353,Funny Ringtones,PERSONALIZATION,4.4,7146,14M,"1,000,000+",Free,0,Everyone 10+,Personalization,"February 2, 2018",1.1,4.0 and up
3361,4K Wallpapers and Ultra HD Backgrounds,PERSONALIZATION,4.6,7583,3.8M,"500,000+",Free,0,Everyone 10+,Personalization,"July 4, 2018",2.6.2.1,4.0.3 and up
3363,Birds Sounds Ringtones & Wallpapers,PERSONALIZATION,4.6,5073,23M,"1,000,000+",Free,0,Everyone 10+,Personalization,"September 25, 2017",1.1,4.0 and up
3702,Cartoon Network App,VIDEO_PLAYERS,4.0,119202,Varies with device,"10,000,000+",Free,0,Everyone 10+,Video Players & Editors;Music & Video,"June 21, 2018",Varies with device,Varies with device
3710,amazer - Global Kpop Video Community,VIDEO_PLAYERS,4.3,1215,23M,"100,000+",Free,0,Everyone 10+,Video Players & Editors,"July 20, 2018",1.5.4,4.1 and up
3715,"Fox News – Breaking News, Live Video & News Alerts",NEWS_AND_MAGAZINES,4.5,249919,Varies with device,"10,000,000+",Free,0,Everyone 10+,News & Magazines,"July 30, 2018",Varies with device,Varies with device
3717,BaBe + - Indonesian News,NEWS_AND_MAGAZINES,4.3,42624,16M,"1,000,000+",Free,0,Everyone 10+,News & Magazines,"August 1, 2018",6.6.4,4.0 and up
3719,BBC News,NEWS_AND_MAGAZINES,4.3,296781,Varies with device,"10,000,000+",Free,0,Everyone 10+,News & Magazines,"July 24, 2018",Varies with device,Varies with device
3721,News24,NEWS_AND_MAGAZINES,4.1,30693,Varies with device,"1,000,000+",Free,0,Everyone 10+,News & Magazines,"August 1, 2018",Varies with device,Varies with device
3724,CNN Breaking US & World News,NEWS_AND_MAGAZINES,4.0,293080,25M,"10,000,000+",Free,0,Everyone 10+,News & Magazines,"August 6, 2018",5.17,4.4 and up
3743,WE,NEWS_AND_MAGAZINES,3.8,18818,Varies with device,"1,000,000+",Free,0,Everyone 10+,News & Magazines,"June 26, 2018",Varies with device,Varies with device
3744,Sky News,NEWS_AND_MAGAZINES,4.0,30287,19M,"1,000,000+",Free,0,Everyone 10+,News & Magazines,"August 3, 2018",4.11.0.611033,4.1 and up
3745,Microsoft News,NEWS_AND_MAGAZINES,4.2,31504,31M,"1,000,000+",Free,0,Everyone 10+,News & Magazines,"July 30, 2018",18.201.01,5.0 and up
3754,Daily Mail Online,NEWS_AND_MAGAZINES,4.1,56807,Varies with device,"5,000,000+",Free,0,Everyone 10+,News & Magazines,"July 30, 2018",Varies with device,Varies with device
3755,Flipboard: News For Our Time,NEWS_AND_MAGAZINES,4.4,1284017,Varies with device,"500,000,000+",Free,0,Everyone 10+,News & Magazines,"August 3, 2018",Varies with device,Varies with device
3767,Flipboard: News For Our Time,NEWS_AND_MAGAZINES,4.4,1284017,Varies with device,"500,000,000+",Free,0,Everyone 10+,News & Magazines,"August 3, 2018",Varies with device,Varies with device
3768,Fast News,NEWS_AND_MAGAZINES,4.4,84957,Varies with device,"1,000,000+",Free,0,Everyone 10+,News & Magazines,"January 13, 2018",Varies with device,Varies with device
3770,The Washington Post Classic,NEWS_AND_MAGAZINES,4.5,23158,Varies with device,"1,000,000+",Free,0,Everyone 10+,News & Magazines,"July 17, 2018",Varies with device,Varies with device
3772,USA TODAY,NEWS_AND_MAGAZINES,4.1,49259,Varies with device,"5,000,000+",Free,0,Everyone 10+,News & Magazines,"August 2, 2018",Varies with device,Varies with device
3774,The Wall Street Journal: Business & Market News,NEWS_AND_MAGAZINES,4.1,40975,36M,"1,000,000+",Free,0,Everyone 10+,News & Magazines,"August 2, 2018",4.4.2.19,4.1 and up
3775,Financial Times,NEWS_AND_MAGAZINES,4.2,27104,8.2M,"1,000,000+",Free,0,Everyone 10+,News & Magazines,"August 3, 2018",2.42.1.9,4.4 and up
3777,NYTimes - Latest News,NEWS_AND_MAGAZINES,3.9,63647,23M,"10,000,000+",Free,0,Everyone 10+,News & Magazines,"August 1, 2018",6.19.5,4.4 and up
3780,BBC News,NEWS_AND_MAGAZINES,4.3,296781,Varies with device,"10,000,000+",Free,0,Everyone 10+,News & Magazines,"July 24, 2018",Varies with device,Varies with device
3783,Reuters News,NEWS_AND_MAGAZINES,4.3,13169,25M,"1,000,000+",Free,0,Everyone 10+,News & Magazines,"June 6, 2018",3.4.4,4.1 and up
3785,"Fox News – Breaking News, Live Video & News Alerts",NEWS_AND_MAGAZINES,4.5,249919,Varies with device,"10,000,000+",Free,0,Everyone 10+,News & Magazines,"July 30, 2018",Varies with device,Varies with device
3786,Haystack TV: Local & World News - Free,NEWS_AND_MAGAZINES,4.3,3684,Varies with device,"100,000+",Free,0,Everyone 10+,News & Magazines,"August 2, 2018",Varies with device,Varies with device
3787,ABC News - US & World News,NEWS_AND_MAGAZINES,4.0,18976,35M,"1,000,000+",Free,0,Everyone 10+,News & Magazines,"June 6, 2018",3.19.11,5.0 and up
3788,NBC News,NEWS_AND_MAGAZINES,4.1,63020,Varies with device,"5,000,000+",Free,0,Everyone 10+,News & Magazines,"February 13, 2018",Varies with device,Varies with device
3790,USA TODAY,NEWS_AND_MAGAZINES,4.1,49259,Varies with device,"5,000,000+",Free,0,Everyone 10+,News & Magazines,"August 2, 2018",Varies with device,Varies with device
3791,AP Mobile - Breaking News,NEWS_AND_MAGAZINES,4.5,76677,4.6M,"1,000,000+",Free,0,Everyone 10+,News & Magazines,"May 25, 2017",4.4.3,4.0 and up
3792,CNN Breaking US & World News,NEWS_AND_MAGAZINES,4.0,293080,25M,"10,000,000+",Free,0,Everyone 10+,News & Magazines,"August 6, 2018",5.17,4.4 and up
3793,HuffPost - News,NEWS_AND_MAGAZINES,4.2,78154,12M,"1,000,000+",Free,0,Everyone 10+,News & Magazines,"August 3, 2018",19.2.8,4.4 and up
3795,Newsroom: News Worth Sharing,NEWS_AND_MAGAZINES,4.2,201737,Varies with device,"10,000,000+",Free,0,Everyone 10+,News & Magazines,"July 3, 2018",Varies with device,Varies with device
3799,AC - Tips & News for Android™,NEWS_AND_MAGAZINES,4.2,23292,14M,"1,000,000+",Free,0,Everyone 10+,News & Magazines,"May 24, 2018",3.1.12,4.1 and up
3800,BBC News,NEWS_AND_MAGAZINES,4.3,296781,Varies with device,"10,000,000+",Free,0,Everyone 10+,News & Magazines,"July 24, 2018",Varies with device,Varies with device
3802,"Fox News – Breaking News, Live Video & News Alerts",NEWS_AND_MAGAZINES,4.5,249919,Varies with device,"10,000,000+",Free,0,Everyone 10+,News & Magazines,"July 30, 2018",Varies with device,Varies with device
3803,CBS News,NEWS_AND_MAGAZINES,4.3,23641,23M,"1,000,000+",Free,0,Everyone 10+,News & Magazines,"June 29, 2018",3.9.0,4.1 and up
3804,Haystack TV: Local & World News - Free,NEWS_AND_MAGAZINES,4.3,3684,Varies with device,"100,000+",Free,0,Everyone 10+,News & Magazines,"August 2, 2018",Varies with device,Varies with device
3806,ABC News - US & World News,NEWS_AND_MAGAZINES,4.0,18976,35M,"1,000,000+",Free,0,Everyone 10+,News & Magazines,"June 6, 2018",3.19.11,5.0 and up
3807,USA TODAY,NEWS_AND_MAGAZINES,4.1,49259,Varies with device,"5,000,000+",Free,0,Everyone 10+,News & Magazines,"August 2, 2018",Varies with device,Varies with device
3808,NBC News,NEWS_AND_MAGAZINES,4.1,63020,Varies with device,"5,000,000+",Free,0,Everyone 10+,News & Magazines,"February 13, 2018",Varies with device,Varies with device
3809,The Wall Street Journal: Business & Market News,NEWS_AND_MAGAZINES,4.1,40975,36M,"1,000,000+",Free,0,Everyone 10+,News & Magazines,"August 2, 2018",4.4.2.19,4.1 and up
3810,JailBase - Arrests + Mugshots,NEWS_AND_MAGAZINES,4.0,17240,Varies with device,"1,000,000+",Free,0,Everyone 10+,News & Magazines,"August 3, 2018",Varies with device,4.1 and up
3811,CNN Breaking US & World News,NEWS_AND_MAGAZINES,4.0,293080,25M,"10,000,000+",Free,0,Everyone 10+,News & Magazines,"August 6, 2018",5.17,4.4 and up
3813,"AOL - News, Mail & Video",NEWS_AND_MAGAZINES,4.1,62465,Varies with device,"5,000,000+",Free,0,Everyone 10+,News & Magazines,"August 2, 2018",Varies with device,Varies with device
3814,NYTimes - Latest News,NEWS_AND_MAGAZINES,3.9,63647,23M,"10,000,000+",Free,0,Everyone 10+,News & Magazines,"August 1, 2018",6.19.5,4.4 and up
3815,Newsroom: News Worth Sharing,NEWS_AND_MAGAZINES,4.2,201737,Varies with device,"10,000,000+",Free,0,Everyone 10+,News & Magazines,"July 3, 2018",Varies with device,Varies with device
3819,Flipboard: News For Our Time,NEWS_AND_MAGAZINES,4.4,1284018,Varies with device,"500,000,000+",Free,0,Everyone 10+,News & Magazines,"August 3, 2018",Varies with device,Varies with device
3896,Subway Surfers,GAME,4.5,27711703,76M,"1,000,000,000+",Free,0,Everyone 10+,Arcade,"July 12, 2018",1.90.0,4.1 and up
3916,Lep's World 2 🍀🍀,GAME,4.3,798522,57M,"100,000,000+",Free,0,Everyone 10+,Arcade,"June 7, 2018",1.9.8.0,4.1 and up
3931,Like A Boss,FAMILY,4.4,17069,94M,"500,000+",Free,0,Everyone 10+,Role Playing,"August 1, 2018",1.0.17.2,5.0 and up
3933,Hungry Hearts Diner: A Tale of Star-Crossed Souls,FAMILY,4.9,46253,56M,"500,000+",Free,0,Everyone 10+,Simulation,"February 7, 2018",1.0.1,4.0 and up
3940,Zombie Tsunami,GAME,4.4,4918776,Varies with device,"100,000,000+",Free,0,Everyone 10+,Arcade,"June 15, 2018",Varies with device,Varies with device
3942,Cat Sim Online: Play with Cats,FAMILY,4.6,137198,81M,"5,000,000+",Free,0,Everyone 10+,Simulation,"April 22, 2018",3.7,4.0 and up
3960,► MultiCraft ― Free Miner! 👍,GAME,4.3,1305050,Varies with device,"50,000,000+",Free,0,Everyone 10+,Adventure,"July 29, 2018",1.1.11.11,4.1 and up
3986,Clash of Clans,FAMILY,4.6,44881447,98M,"100,000,000+",Free,0,Everyone 10+,Strategy,"July 15, 2018",10.322.16,4.1 and up
3987,Clash Royale,FAMILY,4.6,23125280,97M,"100,000,000+",Free,0,Everyone 10+,Strategy,"June 27, 2018",2.3.2,4.1 and up
4000,"C Launcher: Themes, Wallpapers, DIY, Smart, Clean",PERSONALIZATION,4.5,901110,Varies with device,"10,000,000+",Free,0,Everyone 10+,Personalization,"July 10, 2018",Varies with device,Varies with device
4036,Minion Rush: Despicable Me Official Game,FAMILY,4.5,10214862,Varies with device,"100,000,000+",Free,0,Everyone 10+,Casual;Action & Adventure,"July 12, 2018",Varies with device,Varies with device
4043,Vector,GAME,4.4,3058687,89M,"100,000,000+",Free,0,Everyone 10+,Arcade,"July 18, 2016",1.2.0,4.0 and up
4055,Plants vs. Zombies FREE,FAMILY,4.4,4064868,69M,"100,000,000+",Free,0,Everyone 10+,Strategy,"July 6, 2018",2.2.00,4.1 and up
4069,ESPN,SPORTS,4.2,521081,Varies with device,"10,000,000+",Free,0,Everyone 10+,Sports,"July 19, 2018",Varies with device,5.0 and up
4091,theScore esports,SPORTS,4.5,16257,14M,"500,000+",Free,0,Everyone 10+,Sports,"February 3, 2017",2.8,4.1 and up
4111,Talking Tom Cat 2,FAMILY,4.3,3213548,55M,"100,000,000+",Free,0,Everyone 10+,Entertainment,"July 25, 2018",5.3.5.16,4.1 and up
4203,The World Ends With You,GAME,4.6,4108,13M,"10,000+",Paid,$17.99,Everyone 10+,Arcade,"December 14, 2015",1.0.4,4.0 and up
4247,Talking Tom Cat,FAMILY,4.3,1838090,Varies with device,"100,000,000+",Free,0,Everyone 10+,Casual,"July 27, 2018",Varies with device,4.1 and up
4249,Jetpack Joyride,GAME,4.4,4637439,96M,"100,000,000+",Free,0,Everyone 10+,Arcade,"July 19, 2018",1.10.12,4.1 and up
4256,The J-Notes: Jazz News,SPORTS,,7,7.2M,"1,000+",Free,0,Everyone 10+,Sports,"February 28, 2018",5.2.2,4.1 and up
4319,Korean Dungeon: K-Word 1000,GAME,4.7,703,40M,"10,000+",Free,0,Everyone 10+,Word,"November 17, 2017",1.0.4,4.1 and up
4323,Lep's World 🍀,GAME,4.3,696019,Varies with device,"50,000,000+",Free,0,Everyone 10+,Arcade,"May 26, 2018",3.0.6,4.1 and up
4347,Minecraft,FAMILY,4.5,2375336,Varies with device,"10,000,000+",Paid,$6.99,Everyone 10+,Arcade;Action & Adventure,"July 24, 2018",1.5.2.1,Varies with device
4349,MapleStory M,FAMILY,3.5,31538,82M,"1,000,000+",Free,0,Everyone 10+,Role Playing,"July 24, 2018",1.2703.273,4.4 and up
4381,Cops N Robbers - FPS Mini Game,GAME,4.2,156862,64M,"5,000,000+",Free,0,Everyone 10+,Action,"July 31, 2018",7.0.4,4.1 and up
4382,Cops N Robbers 2,GAME,4.1,63680,46M,"1,000,000+",Free,0,Everyone 10+,Adventure,"June 2, 2018",2.2.2,4.1 and up
4387,Rope'n'Fly 3 - Dusk Till Dawn,GAME,4.0,166033,23M,"10,000,000+",Free,0,Everyone 10+,Arcade,"January 31, 2018",3.6,2.3 and up
4390,Drag'n'Boom,GAME,4.8,133180,54M,"1,000,000+",Free,0,Everyone 10+,Arcade,"January 12, 2018",1.1.1,4.4 and up
4395,Guns'n'Glory Zombies Premium,FAMILY,4.1,313,34M,"5,000+",Paid,$2.99,Everyone 10+,Strategy,"July 15, 2016",1.1.5,2.3.3 and up
4397,Guns'n'Glory Premium,FAMILY,4.4,3570,21M,"100,000+",Paid,$2.99,Everyone 10+,Strategy,"September 22, 2017",1.8.1,2.3.3 and up
4399,Guns'n'Glory,FAMILY,4.4,89947,22M,"5,000,000+",Free,0,Everyone 10+,Strategy,"February 9, 2018",1.8.2,4.0 and up
4413,Guns'n'Glory WW2 Premium,FAMILY,4.5,4656,20M,"100,000+",Paid,$2.99,Everyone 10+,Strategy,"December 8, 2017",1.4.11,4.0 and up
4417,Ghouls'n Ghosts MOBILE,GAME,3.9,168,49M,"5,000+",Paid,$1.99,Everyone 10+,Arcade,"May 18, 2017",1.00.00,4.1 and up
4527,ROBLOX,FAMILY,4.5,4443407,67M,"100,000,000+",Free,0,Everyone 10+,Adventure;Action & Adventure,"July 31, 2018",2.347.225742,4.1 and up
4621,Jurassic Life: T Rex Simulator,FAMILY,4.2,1088,35M,"10,000+",Paid,$0.99,Everyone 10+,Simulation,"August 19, 2014",1.2,2.0.1 and up
4631,U-Dictionary: Best English Learning Dictionary,FAMILY,4.5,166886,21M,"10,000,000+",Free,0,Everyone 10+,Education,"July 29, 2018",3.6.2,4.0.3 and up
4647,Wii U Simulator,FAMILY,3.4,1178,38M,"100,000+",Free,0,Everyone 10+,Simulation,"April 8, 2018",1.0.1,5.0 and up
4678,Sin City Crime Simulator V - Gangster,GAME,4.2,2113,67M,"100,000+",Free,0,Everyone 10+,Action,"April 23, 2018",Varies with device,4.0.3 and up
4701,The grand theft V Wallpaper,PERSONALIZATION,3.8,87,4.3M,"10,000+",Free,0,Everyone 10+,Personalization,"June 5, 2018",1.1,4.0.3 and up
4723,Fantasy Squad W,FAMILY,4.3,2142,47M,"50,000+",Free,0,Everyone 10+,Role Playing,"April 16, 2018",1.5.4,4.1 and up
4768,X-WOLF,GAME,4.2,4878,27M,"100,000+",Free,0,Everyone 10+,Adventure,"February 2, 2018",1.2.0,4.1 and up
4819,Z Day: Hearts of Heroes,FAMILY,3.9,5894,67M,"1,000,000+",Free,0,Everyone 10+,Strategy,"July 11, 2018",1.0.2,4.0.3 and up
4835,Reload: The Z-Team,GAME,4.3,1655,91M,"100,000+",Free,0,Everyone 10+,Action,"February 28, 2018",1.6.2,4.4 and up
4849,Dragon X Adventure: Warrior Z,GAME,4.3,8537,29M,"100,000+",Free,0,Everyone 10+,Action,"November 3, 2015",1.1.4,2.3 and up
4928,AC - Tips & News for Android™,NEWS_AND_MAGAZINES,4.2,23291,14M,"1,000,000+",Free,0,Everyone 10+,News & Magazines,"May 24, 2018",3.1.12,4.1 and up
5017,AE GTO Racing,GAME,3.9,6988,35M,"100,000+",Free,0,Everyone 10+,Racing,"September 24, 2015",Varies with device,Varies with device
5018,AE 3D Moto 3,GAME,3.9,2588,26M,"100,000+",Free,0,Everyone 10+,Racing,"December 31, 2014",1.7.1,2.3 and up
5021,AE Angry Chef,GAME,4.1,533,39M,"10,000+",Free,0,Everyone 10+,Action,"January 24, 2014",1.0,2.1 and up
5078,King of Avalon: Dragon Warfare,FAMILY,4.2,306652,64M,"10,000,000+",Free,0,Everyone 10+,Strategy,"July 31, 2018",4.6.4,4.0.3 and up
5187,ChatBot AI Talking Girl,FAMILY,3.8,3597,25M,"100,000+",Free,0,Everyone 10+,Entertainment,"July 31, 2018",1.0.16,4.0.3 and up
5253,AJ Rafael Music Lyrics,FAMILY,,0,8.4M,50+,Free,0,Everyone 10+,Entertainment,"January 3, 2018",2.0,4.0.3 and up
5273,AK-47: Simulator and Shooting,FAMILY,4.0,345,14M,"100,000+",Free,0,Everyone 10+,Simulation,"November 11, 2016",1.3.0,3.0 and up
5275,AK-47 Sounds,FAMILY,3.9,656,2.9M,"500,000+",Free,0,Everyone 10+,Entertainment,"September 14, 2016",2.0,2.3.3 and up
5313,AL.com,NEWS_AND_MAGAZINES,3.4,803,8.0M,"50,000+",Free,0,Everyone 10+,News & Magazines,"July 23, 2018",3.7.10-0d44b899,4.1 and up
5316,AL.com: Alabama Football News,SPORTS,4.5,459,8.0M,"10,000+",Free,0,Everyone 10+,Sports,"July 23, 2018",3.7.10-0d44b899,4.1 and up
5344,12 Step Meditations & Sober Prayers AA NA AL-ANON,LIFESTYLE,4.7,759,15M,"50,000+",Free,0,Everyone 10+,Lifestyle,"January 22, 2018",1.4.5,4.1 and up
5379,Anno: Build an Empire,FAMILY,3.5,33944,28M,"1,000,000+",Free,0,Everyone 10+,Strategy,"March 10, 2016",2.0.0,4.1 and up
5381,Final Fantasy XV: A New Empire,FAMILY,4.0,484858,Varies with device,"10,000,000+",Free,0,Everyone 10+,Strategy,"June 15, 2018",3.30.4.83,4.1 and up
5387,Draw a Stickman: EPIC Free,GAME,4.2,210317,46M,"10,000,000+",Free,0,Everyone 10+,Adventure,"April 10, 2015",1.4.3.104,2.3.3 and up
5397,Girls Craft: Exploration,FAMILY,3.8,130689,57M,"5,000,000+",Free,0,Everyone 10+,Simulation,"August 3, 2018",1.32,4.2 and up
5428,Legion of Heroes,FAMILY,4.3,143087,69M,"1,000,000+",Free,0,Everyone 10+,Role Playing,"July 12, 2018",1.9.22,4.0 and up
5430,Heroes Arena,GAME,4.2,336386,88M,"10,000,000+",Free,0,Everyone 10+,Action,"July 24, 2018",2.0.1,4.0.3 and up
5448,AP Mobile - Breaking News,NEWS_AND_MAGAZINES,4.5,76616,4.6M,"1,000,000+",Free,0,Everyone 10+,News & Magazines,"May 25, 2017",4.4.3,4.0 and up
5474,Reuters News,NEWS_AND_MAGAZINES,4.3,13166,25M,"1,000,000+",Free,0,Everyone 10+,News & Magazines,"June 6, 2018",3.4.4,4.1 and up
5495,Battle Gems (AdventureQuest),FAMILY,4.4,48427,Varies with device,"500,000+",Free,0,Everyone 10+,Puzzle,"March 31, 2018",Varies with device,Varies with device
5496,Undead Assault,GAME,4.3,4704,37M,"100,000+",Free,0,Everyone 10+,Arcade,"November 4, 2015",1.4.6,2.3 and up
5520,Dungeon Boss – Strategy RPG,FAMILY,4.4,218881,37M,"5,000,000+",Free,0,Everyone 10+,Role Playing,"March 28, 2018",0.5.10011,4.0.3 and up
5521,Questland: Turn Based RPG,FAMILY,4.6,31134,48M,"1,000,000+",Free,0,Everyone 10+,Role Playing,"August 2, 2018",1.10.6,4.1 and up
5523,Dungeon Quest,FAMILY,4.5,244039,46M,"5,000,000+",Free,0,Everyone 10+,Role Playing,"June 4, 2018",3.0.5.2,4.0 and up
5531,Jurassic World™ Alive,FAMILY,4.3,308944,70M,"5,000,000+",Free,0,Everyone 10+,Simulation,"August 2, 2018",1.3.15,4.4 and up
5538,Flat Pack,GAME,4.4,862,44M,"100,000+",Free,0,Everyone 10+,Action,"March 16, 2018",1.0.4,7.0 and up
5541,Guns Royale - Multiplayer Blocky Battle Royale,GAME,4.6,19070,90M,"100,000+",Free,0,Everyone 10+,Action,"August 4, 2018",1.0,Varies with device
5544,NYTimes - Latest News,NEWS_AND_MAGAZINES,3.9,63640,23M,"10,000,000+",Free,0,Everyone 10+,News & Magazines,"August 1, 2018",6.19.5,4.4 and up
5557,Nightenfell: Shared AR,GAME,4.5,20,65M,"1,000+",Paid,$0.99,Everyone 10+,Action,"March 27, 2018",1.0.0,7.0 and up
5583,The Aether: Life as a God,FAMILY,4.1,1407,3.4M,"100,000+",Free,0,Everyone 10+,Role Playing,"March 12, 2018",1.0.5,4.0 and up
5585,Pacific Navy Fighter C.E. (AS),GAME,4.3,11379,20M,"500,000+",Free,0,Everyone 10+,Arcade,"July 29, 2018",1.4,4.0.3 and up
5599,Star Wars™: Force Arena,FAMILY,4.4,228130,70M,"5,000,000+",Free,0,Everyone 10+,Strategy,"July 19, 2018",3.1.4,4.1 and up
5615,Galaxy at War Online,FAMILY,3.9,65119,46M,"1,000,000+",Free,0,Everyone 10+,Strategy,"May 22, 2018",2.1.0,3.0 and up
5621,Nights at Cube Pizzeria 3D – 2,GAME,4.0,47151,36M,"5,000,000+",Free,0,Everyone 10+,Action,"December 26, 2017",2.4.0,4.3 and up
5622,World at War: WW2 Strategy MMO,FAMILY,4.3,107765,78M,"5,000,000+",Free,0,Everyone 10+,Strategy,"May 25, 2018",3.1.9,4.1 and up
5639,Five Nights at Neighbor House,GAME,4.2,2180,55M,"100,000+",Free,0,Everyone 10+,Action,"January 26, 2018",1.1.0,4.2 and up
5644,Block Battles: Heroes at War - Multiplayer PVP,GAME,4.3,6698,46M,"500,000+",Free,0,Everyone 10+,Action,"May 14, 2016",1.0.1,2.3 and up
5753,AW,FAMILY,,0,Varies with device,5+,Free,0,Everyone 10+,Strategy,"August 28, 2015",Varies with device,Varies with device
5768,Amber Weather,WEATHER,4.4,260137,13M,"10,000,000+",Free,0,Everyone 10+,Weather,"July 16, 2018",3.8.1,4.1 and up
5781,Adventure Xpress,FAMILY,4.2,24775,30M,"100,000+",Free,0,Everyone 10+,Puzzle,"October 12, 2015",1.2.1,2.3.3 and up
5782,AXE.IO - Brutal Survival Battleground,GAME,4.2,3845,76M,"500,000+",Free,0,Everyone 10+,Arcade,"August 3, 2018",1.6.1,4.1 and up
5794,Axetatic - Axe Throwing Game,GAME,4.6,29,31M,"1,000+",Free,0,Everyone 10+,Arcade,"October 22, 2017",1.3.3,4.2 and up
5824,Cyborg AX-001,GAME,,0,Varies with device,50+,Free,0,Everyone 10+,Action,"June 25, 2018",Varies with device,Varies with device
5844,¡Ay Metro!,GAME,3.8,489,36M,"10,000+",Free,0,Everyone 10+,Arcade,"March 17, 2015",1.0.3.1,4.0 and up
5946,Bedouin Rivals,FAMILY,4.2,79826,Varies with device,"1,000,000+",Free,0,Everyone 10+,Strategy,"July 26, 2018",4.0.4,4.1 and up
5956,"Survival Mobile:10,000 BC",FAMILY,4.3,7441,52M,"500,000+",Free,0,Everyone 10+,Strategy,"August 2, 2018",0.1.801,2.3 and up
5967,British Columbia Transit Info,MAPS_AND_NAVIGATION,,0,5.0M,100+,Free,0,Everyone 10+,Maps & Navigation,"February 19, 2016",3.0,2.2 and up
6083,OK K.O.! Lakewood Plaza Turbo,FAMILY,4.5,76608,24M,"1,000,000+",Free,0,Everyone 10+,Action;Action & Adventure,"January 5, 2017",1.3.1,4.0 and up
6086,Nick,FAMILY,4.2,123309,25M,"10,000,000+",Free,0,Everyone 10+,Entertainment;Music & Video,"January 24, 2018",2.0.8,4.4 and up
6087,Battlefield™ Companion,GAME,4.0,263907,62M,"10,000,000+",Free,0,Everyone 10+,Action,"November 1, 2016",3.0.4,4.0 and up
6088,Wolf of the BF:Commando MOBILE,GAME,3.4,32,27M,"1,000+",Paid,$0.99,Everyone 10+,Arcade,"March 23, 2017",1.00.10,4.0 and up
6202,LEGO ® Batman: Beyond Gotham,FAMILY,4.1,10758,8.0M,"100,000+",Paid,$4.99,Everyone 10+,Adventure;Action & Adventure,"December 15, 2015",Varies with device,4.0.3 and up
6294,TED,FAMILY,4.6,181961,18M,"10,000,000+",Free,0,Everyone 10+,Education,"July 27, 2018",3.2.5,4.1 and up
6296,English Dictionary - Offline,BOOKS_AND_REFERENCE,4.4,341234,30M,"10,000,000+",Free,0,Everyone 10+,Books & Reference,"March 20, 2018",3.9.1,4.2 and up
6551,Boom Beach,FAMILY,4.5,5591653,95M,"50,000,000+",Free,0,Everyone 10+,Strategy,"July 18, 2018",35.119,4.0.3 and up
6573,Bomber Friends,GAME,4.5,776730,49M,"10,000,000+",Free,0,Everyone 10+,Action,"July 26, 2018",2.23,4.0.3 and up
6620,bp Magazine for Bipolar,LIFESTYLE,1.8,5,18M,"1,000+",Free,0,Everyone 10+,Lifestyle,"February 12, 2018",26.0,4.1 and up
6630,"Brilliant Quotes: Life, Love, Family & Motivation",BOOKS_AND_REFERENCE,4.5,67186,6.3M,"1,000,000+",Free,0,Everyone 10+,Books & Reference,"May 18, 2018",4.4.10,2.3.3 and up
6640,Bono’s Pit Bar-B-Q,FAMILY,2.3,3,36M,"1,000+",Free,0,Everyone 10+,Entertainment,"January 23, 2018",2.4,2.3.3 and up
6673,"Bleacher Report: sports news, scores, & highlights",SPORTS,4.4,122280,Varies with device,"5,000,000+",Free,0,Everyone 10+,Sports,"July 20, 2018",Varies with device,Varies with device
6675,Infinity Dungeon VIP,FAMILY,4.3,21804,44M,"1,000,000+",Paid,$0.99,Everyone 10+,Role Playing,"July 3, 2018",2.6.6,2.3 and up
6701,Mu Elite BR,BUSINESS,,30,93M,100+,Free,0,Everyone 10+,Business,"July 16, 2018",3.0.By.EliteMu,2.3 and up
6715,True Skateboarding Ride Skateboard Game Freestyle,GAME,3.8,8175,31M,"1,000,000+",Free,0,Everyone 10+,Arcade,"January 3, 2018",2.11.7,4.1 and up
6860,Bacterial Vaginosis Symptoms,MEDICAL,4.1,698,2.4M,"100,000+",Free,0,Everyone 10+,Medical,"February 3, 2015",1.1,3.0 and up
6885,Smashy Road: Arena,GAME,4.3,45558,53M,"5,000,000+",Free,0,Everyone 10+,Action,"May 24, 2018",1.1.9,4.1 and up
6936,Hitman GO,FAMILY,4.6,84114,23M,"500,000+",Paid,$0.99,Everyone 10+,Puzzle,"July 5, 2018",1.13.108869,2.3.3 and up
6984,World of Warriors: Duel,GAME,4.3,25952,36M,"500,000+",Free,0,Everyone 10+,Action,"September 7, 2015",1.1.2,2.3 and up
6989,Color by Number – New Coloring Book,GAME,4.7,142308,24M,"5,000,000+",Free,0,Everyone 10+,Board,"August 1, 2018",2.0.6,4.1 and up
7198,Theatre of the Absurd CE(Full),FAMILY,4.1,1143,15M,"10,000+",Paid,$2.99,Everyone 10+,Casual,"May 21, 2013",1.0,2.0.1 and up
7206,Shiver: Moonlit Grove CE,FAMILY,4.1,3433,23M,"50,000+",Free,0,Everyone 10+,Casual,"March 14, 2016",1.1.0,2.3.3 and up
7207,Beast of Lycan Isle CE,FAMILY,4.1,2683,20M,"50,000+",Free,0,Everyone 10+,Casual,"January 23, 2014",1.0,2.3 and up
7210,Grim Tales: The Wishes CE,GAME,4.3,4923,20M,"100,000+",Free,0,Everyone 10+,Adventure,"August 26, 2015",1.0.0,2.3.3 and up
7215,Depths of Betrayal CE (Full),FAMILY,4.3,363,14M,"1,000+",Paid,$2.99,Everyone 10+,Casual,"August 19, 2013",1.0.0,2.3 and up
7285,CG - Calendars Add-On,PRODUCTIVITY,3.6,49,2.3M,"5,000+",Free,0,Everyone 10+,Productivity,"July 29, 2015",1.0.1,4.0 and up
7338,20 Minuten (CH),NEWS_AND_MAGAZINES,3.5,14153,Varies with device,"1,000,000+",Free,0,Everyone 10+,News & Magazines,"August 3, 2018",Varies with device,Varies with device
7358,swissinfo.ch,NEWS_AND_MAGAZINES,3.9,271,9.6M,"50,000+",Free,0,Everyone 10+,News & Magazines,"July 18, 2018",3.3.0,4.4 and up
7366,usgang.ch,LIFESTYLE,3.7,492,Varies with device,"100,000+",Free,0,Everyone 10+,Lifestyle,"June 11, 2018",3.0.7,4.1 and up
7404,SimCity BuildIt,FAMILY,4.5,4218587,100M,"50,000,000+",Free,0,Everyone 10+,Simulation,"June 19, 2018",1.23.3.75024,4.0 and up
7437,China Town Auto Theft 2,GAME,4.1,364,67M,"50,000+",Free,0,Everyone 10+,Action,"May 23, 2018",Varies with device,4.0.3 and up
7450,Courier Journal,NEWS_AND_MAGAZINES,3.5,254,38M,"10,000+",Free,0,Everyone 10+,News & Magazines,"June 20, 2018",5.9.5,5.0 and up
7483,CK Pharmacies,HEALTH_AND_FITNESS,2.7,3,9.4M,100+,Free,0,Everyone 10+,Health & Fitness,"June 28, 2018",7.4.8,4.0.3 and up
7501,Castle Clash: Heroes of the Empire US,FAMILY,4.6,4578890,24M,"50,000,000+",Free,0,Everyone 10+,Strategy,"July 17, 2018",1.4.51,4.1 and up
7582,Cartoon Network App,FAMILY,4.0,119173,Varies with device,"10,000,000+",Free,0,Everyone 10+,Video Players & Editors;Music & Video,"June 21, 2018",Varies with device,Varies with device
7584,Teen Titans GO Figure!,FAMILY,4.5,1985,28M,"10,000+",Paid,$3.99,Everyone 10+,Action;Action & Adventure,"July 18, 2018",1.0.2,5.1 and up
7586,Teeny Titans - Teen Titans Go!,FAMILY,4.6,20463,25M,"100,000+",Paid,$3.99,Everyone 10+,Strategy;Action & Adventure,"July 18, 2018",1.2.1,4.1 and up
7589,Card Wars Kingdom,FAMILY,4.3,920571,28M,"10,000,000+",Free,0,Everyone 10+,Card;Action & Adventure,"January 17, 2017",1.0.10,4.0.3 and up
7592,Blamburger - Clarence,FAMILY,4.1,30444,27M,"1,000,000+",Free,0,Everyone 10+,Arcade;Action & Adventure,"October 26, 2015",1.0.5,4.3 and up
7598,Ben 10: Alien Experience,FAMILY,4.2,82005,45M,"10,000,000+",Free,0,Everyone 10+,Action;Action & Adventure,"October 24, 2017",1.2.1,4.4 and up
7601,Surely You Quest - Magiswords,FAMILY,4.6,43314,83M,"1,000,000+",Free,0,Everyone 10+,Role Playing;Action & Adventure,"June 20, 2017",1.0.2,4.1 and up
7606,LEGO® TV,FAMILY,3.7,17250,7.2M,"1,000,000+",Free,0,Everyone 10+,Entertainment;Music & Video,"August 4, 2018",4.0.2,5.0 and up
7611,Block Survival Craft:The Story,FAMILY,4.1,7046,87M,"500,000+",Free,0,Everyone 10+,Puzzle,"October 12, 2017",0.2.7,4.0.3 and up
7614,Rockstars of Ooo,FAMILY,3.4,642,26M,"10,000+",Paid,$1.99,Everyone 10+,Arcade;Action & Adventure,"August 11, 2015",1.0.2,2.3.3 and up
7617,Flipped Out! - Powerpuff Girls,FAMILY,4.4,412,22M,"10,000+",Paid,$2.99,Everyone 10+,Action;Action & Adventure,"June 30, 2016",1.0.2,4.0 and up
7619,Best Park in the Universe,GAME,4.3,3904,5.5M,"10,000+",Paid,$2.99,Everyone 10+,Action,"September 10, 2014",1.2.1,4.0 and up
7621,Multicraft Miner Exploration,GAME,4.0,14563,74M,"1,000,000+",Free,0,Everyone 10+,Adventure,"December 22, 2017",0.6.49,4.1 and up
7673,CP Channel,FAMILY,4.6,7,12M,500+,Free,0,Everyone 10+,Education,"March 21, 2018",1.1.0,4.1 and up
7715,Crusaders Quest,FAMILY,4.4,475020,69M,"5,000,000+",Free,0,Everyone 10+,Role Playing,"July 26, 2018",4.7.0.KG,4.1 and up
7717,CQ,NEWS_AND_MAGAZINES,3.7,7,3.4M,"1,000+",Free,0,Everyone 10+,News & Magazines,"May 18, 2018",1.0.11,4.0.3 and up
7718,Curio Quest,FAMILY,4.3,59152,50M,"1,000,000+",Free,0,Everyone 10+,Role Playing,"March 29, 2018",1.14.00,4.0.3 and up
7755,Next Island: Dino Village,FAMILY,3.9,29,37M,"1,000+",Free,0,Everyone 10+,Casual,"May 4, 2018",1.0,5.0 and up
7772,Chest Calculator for CR,FAMILY,3.9,14754,21M,"1,000,000+",Free,0,Everyone 10+,Entertainment,"July 22, 2018",1.8.1,4.1 and up
7937,Shadow Fight 2,GAME,4.6,10981850,88M,"100,000,000+",Free,0,Everyone 10+,Action,"July 2, 2018",1.9.38,3.0 and up
8085,Cytus II,GAME,4.7,16851,81M,"100,000+",Paid,$1.99,Everyone 10+,Music,"August 3, 2018",1.5.0,4.4 and up
8102,Cy-Fair VFD EMS Protocols,MEDICAL,5.0,2,20M,100+,Free,0,Everyone 10+,Medical,"September 21, 2017",1.8.3,4.1 and up
8113,Cy's Elma Pharmacy,HEALTH_AND_FITNESS,,0,9.4M,10+,Free,0,Everyone 10+,Health & Fitness,"June 28, 2018",7.4.8,4.0.3 and up
8118,Army of Heroes,FAMILY,4.5,85015,46M,"1,000,000+",Free,0,Everyone 10+,Strategy,"August 1, 2018",1.03.06,4.0 and up
8121,SuperBikers 2,GAME,3.9,6200,Varies with device,"500,000+",Free,0,Everyone 10+,Racing,"July 6, 2018",Varies with device,Varies with device
8123,Cyprus Police,SOCIAL,4.2,226,15M,"10,000+",Free,0,Everyone 10+,Social,"January 31, 2018",1.122.250.1421,2.2 and up
8186,Escaping the Prison,FAMILY,4.2,419375,31M,"10,000,000+",Free,0,Everyone 10+,Casual,"June 21, 2016",1.2.2,2.3 and up
8194,Run Sausage Run!,GAME,4.4,276105,Varies with device,"10,000,000+",Free,0,Everyone 10+,Arcade,"August 1, 2018",Varies with device,4.1 and up
8239,DB Ultra Saiyan Battle,GAME,4.5,33,44M,"1,000+",Free,0,Everyone 10+,Action,"July 25, 2018",1.3.7,2.3 and up
8251,LEGO Batman: DC Super Heroes,FAMILY,4.2,2557,5.8M,"50,000+",Paid,$4.99,Everyone 10+,Adventure;Action & Adventure,"May 9, 2016",Varies with device,4.0.3 and up
8254,Justice League Action Run,GAME,4.3,22333,9.7M,"1,000,000+",Free,0,Everyone 10+,Action,"August 7, 2018",2.01,4.3 and up
8273,MARVEL Future Fight,FAMILY,4.6,2354042,72M,"50,000,000+",Free,0,Everyone 10+,Role Playing,"July 3, 2018",4.2.0,4.0.3 and up
8278,Pepsi Cards DC,COMICS,,1,21M,50+,Free,0,Everyone 10+,Comics,"June 26, 2018",0.0.4,4.4 and up
8288,McClatchy DC Bureau,NEWS_AND_MAGAZINES,4.3,80,8.7M,"5,000+",Free,0,Everyone 10+,News & Magazines,"June 18, 2018",6.0.1,4.4W and up
8313,Truck Driver Cargo,GAME,4.1,257531,44M,"10,000,000+",Free,0,Everyone 10+,Racing,"January 18, 2018",7,4.1 and up
8321,Myth Defense 2: DF Platinum,FAMILY,4.6,1764,8.3M,"10,000+",Paid,$3.99,Everyone 10+,Strategy,"June 22, 2016",1.3.8,2.3.3 and up
8406,Dungeon Rush,FAMILY,4.0,28633,81M,"1,000,000+",Free,0,Everyone 10+,Role Playing,"December 23, 2016",1.14.0,2.3 and up
8418,DEER HUNTER CHALLENGE,GAME,3.7,38767,4.1M,"5,000,000+",Free,0,Everyone 10+,Action,"April 11, 2011",1.4.3,2.0 and up
8419,Kingdom in Chaos,FAMILY,4.3,5623,28M,"100,000+",Free,0,Everyone 10+,Role Playing,"December 21, 2015",1.0.5,2.3 and up
8428,Defender,GAME,4.6,152395,14M,"10,000,000+",Free,0,Everyone 10+,Action,"July 22, 2016",1.1.9,2.3 and up
8433,Idle Heroes,FAMILY,4.7,417197,99M,"10,000,000+",Free,0,Everyone 10+,Role Playing,"May 30, 2018",1.14.0,2.3 and up
8438,Pocket Heroes,FAMILY,4.5,96658,26M,"1,000,000+",Free,0,Everyone 10+,Role Playing,"September 5, 2015",2.0.5,3.0 and up
8453,Fancy Pants Adventures,GAME,4.7,55952,61M,"1,000,000+",Free,0,Everyone 10+,Arcade,"July 13, 2017",1.0.10,4.1 and up
8456,Lep's World 3 🍀🍀🍀,GAME,4.3,771001,52M,"50,000,000+",Free,0,Everyone 10+,Action,"June 11, 2018",2.0.1.3,4.1 and up
8457,Robbery Bob,GAME,4.5,617732,44M,"10,000,000+",Free,0,Everyone 10+,Action,"July 29, 2018",1.18.4,4.1 and up
8460,Nyan Cat: Lost In Space,GAME,4.5,371318,90M,"10,000,000+",Free,0,Everyone 10+,Arcade,"June 8, 2018",10.1.6,4.1 and up
8544,DM Screen,BOOKS_AND_REFERENCE,4.4,283,5.4M,"10,000+",Free,0,Everyone 10+,Books & Reference,"January 12, 2018",1.1.10a,4.0 and up
8586,DN Sync,NEWS_AND_MAGAZINES,4.1,56,28k,"1,000+",Free,0,Everyone 10+,News & Magazines,"June 13, 2016",1.15,2.3.3 and up
8589,e-DN - den digitala tidningen från Dagens Nyheter,NEWS_AND_MAGAZINES,2.2,160,32M,"50,000+",Free,0,Everyone 10+,News & Magazines,"May 24, 2018",1.3.2,4.4 and up
8594,DN.VR,NEWS_AND_MAGAZINES,3.0,29,37M,"5,000+",Free,0,Everyone 10+,News & Magazines,"May 23, 2018",2.1.1,5.0 and up
8613,Guardian Hunter: SuperBrawlRPG,FAMILY,4.5,364013,27M,"1,000,000+",Free,0,Everyone 10+,Role Playing,"August 6, 2018",14.4.4.00,4.1 and up
8617,Destiny Ninja Shall we date otome games love story,GAME,4.4,13079,30M,"500,000+",Free,0,Everyone 10+,Adventure,"April 20, 2018",1.6.2,4.0 and up
8625,NARUTO X BORUTO NINJA VOLTAGE,GAME,4.4,267395,71M,"5,000,000+",Free,0,Everyone 10+,Action,"July 19, 2018",1.1.7,4.4 and up
8626,Sword Art Online: Integral Factor,FAMILY,4.0,45359,32M,"1,000,000+",Free,0,Everyone 10+,Role Playing,"July 26, 2018",1.0.9,4.4 and up
8717,Dash Quest Heroes,GAME,4.3,8432,59M,"500,000+",Free,0,Everyone 10+,Adventure,"July 16, 2018",1.4.0,4.1 and up
8719,DRAGON QUEST VIII,FAMILY,4.5,7812,27M,"50,000+",Paid,$19.99,Everyone 10+,Role Playing,"April 4, 2017",1.1.4,4.0 and up
8733,CHRONO TRIGGER (Upgrade Ver.),FAMILY,3.8,11250,6.3M,"100,000+",Paid,$9.99,Everyone 10+,Role Playing,"June 12, 2018",2.0.4,4.2 and up
8760,Dr. Truck Driver : Real Truck Simulator 3D,FAMILY,4.1,1626,96M,"100,000+",Free,0,Everyone 10+,Simulation,"July 5, 2018",1.8,4.1 and up
8879,Riptide GP: Renegade,GAME,4.7,4328,Varies with device,"100,000+",Paid,$2.99,Everyone 10+,Racing,"June 1, 2018",1.2.1,4.1 and up
8977,DW - Breaking World News,NEWS_AND_MAGAZINES,4.4,17671,17M,"1,000,000+",Free,0,Everyone 10+,News & Magazines,"August 6, 2018",2.3.10,4.2 and up
8985,DW,NEWS_AND_MAGAZINES,,0,4.8M,"10,000+",Free,0,Everyone 10+,News & Magazines,"July 13, 2018",1.0.5,5.0 and up
9041,Differential Dx Free,MEDICAL,4.0,238,Varies with device,"50,000+",Free,0,Everyone 10+,Medical,"January 7, 2018",Varies with device,Varies with device
9142,Need for Speed™ No Limits,GAME,4.4,3344300,22M,"50,000,000+",Free,0,Everyone 10+,Racing,"July 24, 2018",2.12.1,4.1 and up
9147,Plants vs. Zombies™ 2,FAMILY,4.4,567632,15M,"10,000,000+",Free,0,Everyone 10+,Casual,"June 12, 2018",6.8.1,4.1 and up
9148,Command & Conquer: Rivals,FAMILY,,0,Varies with device,0,,0,Everyone 10+,Strategy,"June 28, 2018",Varies with device,Varies with device
9149,Star Wars™: Galaxy of Heroes,FAMILY,4.5,1461698,67M,"10,000,000+",Free,0,Everyone 10+,Role Playing,"May 21, 2018",0.12.334385,4.1 and up
9150,Dungeon Keeper,FAMILY,4.0,69574,45M,"500,000+",Free,0,Everyone 10+,Strategy,"May 24, 2018",1.8.91,4.1 and up
9168,Mass Effect: Andromeda APEX HQ,GAME,3.4,4490,92M,"100,000+",Free,0,Everyone 10+,Action,"September 21, 2017",1.18.1,4.1 and up
9170,Stickman Legends: Shadow Wars,GAME,4.4,38419,100M,"1,000,000+",Paid,$0.99,Everyone 10+,Action,"August 3, 2018",2.3.24,4.1 and up
9308,أحداث وحقائق | خبر عاجل في اخبار العالم,NEWS_AND_MAGAZINES,4.8,311,14M,"5,000+",Free,0,Everyone 10+,News & Magazines,"July 15, 2018",2.9.19a,4.2 and up
9355,Pocket Little Pony,FAMILY,4.1,47576,14M,"1,000,000+",Free,0,Everyone 10+,Simulation,"March 1, 2017",1.95,4.0 and up
9376,My Theme Park: RollerCoaster & Water Park Tycoon,FAMILY,4.2,128,41M,"10,000+",Free,0,Everyone 10+,Strategy,"June 12, 2018",1.50,4.2 and up
9438,Egg Baby,FAMILY,4.4,351607,8.7M,"5,000,000+",Free,0,Everyone 10+,Casual,"June 29, 2016",1.26.03,2.3.3 and up
9468,Stickman Warriors Heroes 2,GAME,4.4,13714,41M,"1,000,000+",Free,0,Everyone 10+,Action,"April 15, 2017",1.0.4,4.0.3 and up
9488,OffRoad US Army Train Driving Simulator,FAMILY,4.3,1216,59M,"500,000+",Free,0,Everyone 10+,Simulation,"June 11, 2018",1.3,4.1 and up
9533,Exiled Kingdoms RPG,FAMILY,4.6,49210,99M,"1,000,000+",Free,0,Everyone 10+,Role Playing,"July 5, 2018",1.2.1107,4.1 and up
9546,El Nuevo Día,NEWS_AND_MAGAZINES,4.1,8011,13M,"500,000+",Free,0,Everyone 10+,News & Magazines,"June 13, 2018",4.11.2,4.1 and up
9561,Fernanfloo,GAME,4.8,526595,49M,"10,000,000+",Free,0,Everyone 10+,Arcade,"June 26, 2018",2.9,4.0.3 and up
9577,Get 'Em,GAME,4.1,7904,21M,"500,000+",Free,0,Everyone 10+,Action,"October 26, 2016",1.6.7,4.0.3 and up
9580,Beach Shoot Em Up: Head Hunter,GAME,4.4,1218,15M,"500,000+",Free,0,Everyone 10+,Action,"March 6, 2018",1.0.9,2.3 and up
9582,Stick 'Em Up 2 Starter Edition,GAME,3.8,2102,40M,"100,000+",Free,0,Everyone 10+,Action,"September 11, 2015",1.1.3,4.0.3 and up
9614,TRANSFORMERS: Forged to Fight,GAME,4.6,291941,90M,"10,000,000+",Free,0,Everyone 10+,Action,"July 27, 2018",6.3.2,4.0.3 and up
9624,FRANCE 24,NEWS_AND_MAGAZINES,4.3,47069,Varies with device,"5,000,000+",Free,0,Everyone 10+,News & Magazines,"June 25, 2018",Varies with device,Varies with device
9635,"busuu: Learn Languages - Spanish, English & More",FAMILY,4.3,207294,21M,"10,000,000+",Free,0,Everyone 10+,Education,"August 1, 2018",13.9.0.161,5.0 and up
9708,The Great Wobo Escape Ep. 1,GAME,4.2,5449,20M,"500,000+",Free,0,Everyone 10+,Action,"September 13, 2016",1.0.3386,4.1 and up
9717,The Great Wobo Escape Ep.1,FAMILY,4.3,11,20M,500+,Paid,$1.99,Everyone 10+,Action;Action & Adventure,"May 3, 2016",1.0.3289,4.1 and up
9724,EP Gem Hunter,GAME,4.6,79,31M,"1,000+",Free,0,Everyone 10+,Action,"January 17, 2016",1.1.0,2.3 and up
9733,ER Surgery Simulator,FAMILY,3.6,19601,56M,"1,000,000+",Free,0,Everyone 10+,Casual,"June 6, 2018",1.0.4,4.1 and up
9738,Superhero Doctor 2 -ER Surgery,FAMILY,4.0,39647,72M,"10,000,000+",Free,0,Everyone 10+,Casual,"September 30, 2017",1.7,4.0.3 and up
9756,Spinal Cord Surgery Doctor: Operation ER surgery,FAMILY,3.7,52,32M,"10,000+",Free,0,Everyone 10+,Role Playing,"February 26, 2018",1.0,4.1 and up
9757,ER Neck Surgery: Hospital Christmas Emergency,FAMILY,,11,30M,"5,000+",Free,0,Everyone 10+,Role Playing,"November 24, 2017",1.0.1,4.1 and up
9761,ER Injection Simulator: Blood Test Doctor Hospital,FAMILY,4.2,3263,47M,"1,000,000+",Free,0,Everyone 10+,Role Playing,"May 29, 2018",2.6.4,4.1 and up
9763,Heart Surgery Doctor - ER Emergency Game,FAMILY,3.9,2510,48M,"500,000+",Free,0,Everyone 10+,Educational,"July 19, 2018",2.1,4.1 and up
9778,Cardinal Glennon ER Reference,MEDICAL,4.2,19,20M,"1,000+",Free,0,Everyone 10+,Medical,"September 21, 2017",1.8.3,4.1 and up
9818,Castle Clash: Epic Empire ES,FAMILY,4.6,584070,24M,"5,000,000+",Free,0,Everyone 10+,Strategy,"July 18, 2018",1.4.1,4.1 and up
9845,Empires and Allies,FAMILY,4.3,398746,Varies with device,"10,000,000+",Free,0,Everyone 10+,Strategy,"August 6, 2018",Varies with device,4.1 and up
9888,Speed Racing Ultimate 2,GAME,4.1,66894,Varies with device,"1,000,000+",Free,0,Everyone 10+,Racing,"July 21, 2018",Varies with device,Varies with device
9926,Going Abroad,FAMILY,3.0,606,42M,"50,000+",Free,0,Everyone 10+,Educational,"August 16, 2016",1.2,4.0 and up
9930,EU-Schwerbehinderung,NEWS_AND_MAGAZINES,,3,32M,100+,Free,0,Everyone 10+,News & Magazines,"July 16, 2018",2.0.3.53,6.0 and up
9968,Builder Craft: House Building & Exploration,FAMILY,4.2,20807,52M,"1,000,000+",Free,0,Everyone 10+,Simulation,"August 2, 2017",1.3,4.1 and up
10010,Mobile Strike,FAMILY,3.9,903392,Varies with device,"50,000,000+",Free,0,Everyone 10+,Strategy,"June 14, 2018",3.30.4.207,4.1 and up
10011,European War 5:Empire,FAMILY,3.8,9513,82M,"100,000+",Free,0,Everyone 10+,Strategy,"June 8, 2018",1.2.6,4.0.3 and up
10012,KMTV 3 News Now,NEWS_AND_MAGAZINES,3.8,265,Varies with device,"10,000+",Free,0,Everyone 10+,News & Magazines,"July 5, 2018",Varies with device,Varies with device
10017,TMJ4.com - WTMJ-TV Milwaukee,NEWS_AND_MAGAZINES,3.8,728,Varies with device,"50,000+",Free,0,Everyone 10+,News & Magazines,"July 5, 2018",Varies with device,Varies with device
10023,WPTV 5 West Palm Beach,NEWS_AND_MAGAZINES,3.8,1093,Varies with device,"100,000+",Free,0,Everyone 10+,News & Magazines,"July 5, 2018",Varies with device,Varies with device
10054,Aurum Blade EX,FAMILY,4.3,28151,17M,"1,000,000+",Free,0,Everyone 10+,Role Playing,"June 4, 2015",1.0.2,2.2 and up
10065,Ex Quotes,LIFESTYLE,4.4,129,8.1M,"50,000+",Free,0,Everyone 10+,Lifestyle,"June 16, 2018",3.0.1,4.1 and up
10070,S.O.L : Stone of Life EX,FAMILY,4.3,171220,42M,"5,000,000+",Free,0,Everyone 10+,Role Playing,"July 28, 2015",1.2.6,2.3.3 and up
10126,EZ PZ RPG,FAMILY,3.8,70903,47M,"1,000,000+",Free,0,Everyone 10+,Role Playing,"October 27, 2016",2.164.4,2.3 and up
10196,Fart sound pranks,FAMILY,3.8,283823,Varies with device,"50,000,000+",Free,0,Everyone 10+,Casual,"November 23, 2016",Varies with device,Varies with device
10297,Story Time FD,FAMILY,5.0,2,4.2M,10+,Free,0,Everyone 10+,Simulation,"March 25, 2016",1.1,1.6 and up
10356,Curso Básico y Avanzado la Fe de Jesús Audio-Texto,FAMILY,,0,11M,10+,Free,0,Everyone 10+,Education,"July 12, 2018",1.0,4.0 and up
10374,Police Car Driver,GAME,3.8,83671,30M,"10,000,000+",Free,0,Everyone 10+,Racing,"May 4, 2018",9,4.1 and up
10376,Moto Fighter 3D,GAME,3.9,85410,39M,"10,000,000+",Free,0,Everyone 10+,Racing,"September 20, 2017",20170920,4.1 and up
10381,Gun Disassembly 2,FAMILY,4.1,26347,48M,"1,000,000+",Free,0,Everyone 10+,Entertainment,"September 15, 2017",14.0.1,2.2 and up
10382,Fields of Battle,GAME,4.1,71476,50M,"1,000,000+",Free,0,Everyone 10+,Action,"April 21, 2018",2.14,4.0 and up
10419,Fast Motorcycle Driver 2016,GAME,4.2,28151,49M,"1,000,000+",Free,0,Everyone 10+,Racing,"December 25, 2016",1.2,2.3.3 and up
10639,Florida Today,NEWS_AND_MAGAZINES,3.3,202,38M,"10,000+",Free,0,Everyone 10+,News & Magazines,"June 20, 2018",5.9.5,5.0 and up
10779,Fortune Quest: Savior,FAMILY,3.6,135,75M,"10,000+",Free,0,Everyone 10+,Role Playing,"June 1, 2018",1.022,4.4 and up
10784,Big Hunter,GAME,4.3,245455,84M,"10,000,000+",Free,0,Everyone 10+,Action,"May 31, 2018",2.8.6,4.0 and up
10789,Modern Counter Global Strike 3D V2,GAME,4.0,368,48M,"50,000+",Free,0,Everyone 10+,Action,"March 28, 2018",1.7,4.1 and up
