,App,Category,Rating,Reviews,Size,Installs,Type,Price,Content_Rating,Genres,Last_Updated,Current_Ver,Android_Ver
129,"Secrets of beauty, youth and health",BEAUTY,,77,2.9M,"10,000+",Free,0,Mature 17+,Beauty,"August 8, 2017",2.0,2.3 and up
133,Dresses Ideas & Fashions +3000,BEAUTY,4.5,473,8.2M,"100,000+",Free,0,Mature 17+,Beauty,"March 1, 2017",1.0.2.0,1.6 and up
134,"Lady adviser (beauty, health)",BEAUTY,,30,9.9M,"10,000+",Free,0,Mature 17+,Beauty,"January 24, 2018",3.0,3.0 and up
166,Read books online,BOOKS_AND_REFERENCE,4.1,91615,23M,"5,000,000+",Free,0,Mature 17+,Books & Reference,"June 29, 2018",3.12,4.1 and up
170,Flybook,BOOKS_AND_REFERENCE,3.9,1778,4.9M,"500,000+",Free,0,Mature 17+,Books & Reference,"October 16, 2014",1.0.3,2.1 and up
302,MangaToon - Comics updated Daily,COMICS,3.9,834,15M,"50,000+",Free,0,Mature 17+,Comics,"August 1, 2018",1.0.8,4.1 and up
303,Manga Net – Best Online Manga Reader,COMICS,4.1,1010,11M,"50,000+",Free,0,Mature 17+,Comics,"July 7, 2018",1.5,4.1 and up
312,Daily Manga - Comic & Webtoon,COMICS,3.2,1446,7.1M,"100,000+",Free,0,Mature 17+,Comics,"May 18, 2018",1.0,4.0.3 and up
313,"漫咖 Comics - Manga,Novel and Stories",COMICS,4.1,12088,21M,"1,000,000+",Free,0,Mature 17+,Comics,"July 6, 2018",2.3.1,4.0.3 and up
324,- Free Comics - Comic Apps,COMICS,3.5,115,9.1M,"10,000+",Free,0,Mature 17+,Comics,"July 13, 2018",5.0.12,5.0 and up
327,pixiv comic - everyone's manga app,COMICS,4.4,18814,Varies with device,"1,000,000+",Free,0,Mature 17+,Comics,"July 30, 2018",Varies with device,Varies with device
362,TouchPal Keyboard - Fun Emoji & Android Keyboard,COMMUNICATION,4.4,615381,37M,"10,000,000+",Free,0,Mature 17+,Communication,"August 2, 2018",6.7.9.1,4.0.3 and up
370,Telegram,COMMUNICATION,4.4,3128250,Varies with device,"100,000,000+",Free,0,Mature 17+,Communication,"July 27, 2018",Varies with device,Varies with device
392,Telegram,COMMUNICATION,4.4,3128509,Varies with device,"100,000,000+",Free,0,Mature 17+,Communication,"July 27, 2018",Varies with device,Varies with device
435,Hiya - Caller ID & Block,COMMUNICATION,4.4,177703,13M,"10,000,000+",Free,0,Mature 17+,Communication,"July 25, 2018",8.1.2-6310,5.0 and up
437,Mr. Number-Block calls & spam,COMMUNICATION,4.2,177263,13M,"10,000,000+",Free,0,Mature 17+,Communication,"July 13, 2018",5.1.2-6310,5.0 and up
476,"Moco+ - Chat, Meet People",DATING,4.2,1545,Varies with device,"10,000+",Paid,$3.99,Mature 17+,Dating,"June 19, 2018",2.6.139,4.1 and up
481,AMBW Dating App: Asian Men Black Women Interracial,DATING,3.5,2,17M,100+,Paid,$7.99,Mature 17+,Dating,"January 21, 2017",1.0.1,4.0 and up
482,Zoosk Dating App: Meet Singles,DATING,4.0,516801,Varies with device,"10,000,000+",Free,0,Mature 17+,Dating,"August 2, 2018",Varies with device,Varies with device
483,OkCupid Dating,DATING,4.1,285726,15M,"10,000,000+",Free,0,Mature 17+,Dating,"July 30, 2018",11.10.1,4.1 and up
484,Match™ Dating - Meet Singles,DATING,3.7,76646,Varies with device,"10,000,000+",Free,0,Mature 17+,Dating,"July 23, 2018",Varies with device,Varies with device
485,"Hily: Dating, Chat, Match, Meet & Hook up",DATING,4.1,2556,56M,"100,000+",Free,0,Mature 17+,Dating,"August 1, 2018",2.5.2,4.1 and up
486,Hinge: Dating & Relationships,DATING,4.2,7779,12M,"500,000+",Free,0,Mature 17+,Dating,"August 3, 2018",6.1.3,5.0 and up
487,Casual Dating & Adult Singles - Joyride,DATING,4.5,61637,11M,"5,000,000+",Free,0,Mature 17+,Dating,"July 31, 2018",4.17.2,4.1 and up
488,BBW Dating & Plus Size Chat,DATING,4.4,12632,29M,"1,000,000+",Free,0,Mature 17+,Dating,"July 27, 2018",3.5.0.1,4.1 and up
489,"Moco - Chat, Meet People",DATING,4.2,313724,Varies with device,"10,000,000+",Free,0,Mature 17+,Dating,"August 4, 2018",2.6.141,4.1 and up
490,CMB Free Dating App,DATING,4.0,48845,40M,"1,000,000+",Free,0,Mature 17+,Dating,"August 1, 2018",4.19.0.2320,4.4 and up
491,Hot or Not - Find someone right now,DATING,4.1,305708,Varies with device,"10,000,000+",Free,0,Mature 17+,Dating,"August 2, 2018",Varies with device,Varies with device
492,eharmony - Online Dating App,DATING,3.1,31320,53M,"5,000,000+",Free,0,Mature 17+,Dating,"July 30, 2018",6.6.5,4.1 and up
493,Free Dating App & Flirt Chat - Match with Singles,DATING,4.4,172460,3.1M,"5,000,000+",Free,0,Mature 17+,Dating,"August 4, 2018",1.639,4.0 and up
494,"Chispa, the Dating App for Latino, Latina Singles",DATING,4.2,4195,24M,"100,000+",Free,0,Mature 17+,Dating,"July 25, 2018",1.6.1,4.4 and up
495,Clover Dating App,DATING,4.1,11633,23M,"500,000+",Free,0,Mature 17+,Dating,"July 24, 2018",2.5.1,4.1 and up
496,Black People Meet Singles Date,DATING,3.9,10212,5.0M,"1,000,000+",Free,0,Mature 17+,Dating,"July 25, 2018",1.9.7,4.4 and up
497,Mingle2 - Free Online Dating & Singles Chat Rooms,DATING,4.3,37053,44M,"1,000,000+",Free,0,Mature 17+,Dating,"August 3, 2018",4.4B,4.1 and up
498,Free Dating App & Flirt Chat - Cheers,DATING,4.4,667,27M,"10,000+",Free,0,Mature 17+,Dating,"August 3, 2018",1.308.us,4.1 and up
499,stranger chat - anonymous chat,DATING,3.5,13202,6.1M,"1,000,000+",Free,0,Mature 17+,Dating,"July 7, 2018",2.4.1,4.1 and up
500,"Blendr - Chat, Flirt & Meet",DATING,4.0,28671,Varies with device,"1,000,000+",Free,0,Mature 17+,Dating,"August 1, 2018",Varies with device,Varies with device
501,Free Dating Hook Up Messenger,DATING,3.3,1157,21M,"100,000+",Free,0,Mature 17+,Dating,"January 27, 2017",5.0.1,4.2 and up
502,Find Real Love — YouLove Premium Dating,DATING,4.5,212626,11M,"10,000,000+",Free,0,Mature 17+,Dating,"July 31, 2018",4.17.2,4.1 and up
503,Once - Quality Matches Every day,DATING,4.4,222888,21M,"1,000,000+",Free,0,Mature 17+,Dating,"July 17, 2018",2.45,4.1 and up
504,BLK - Swipe. Match. Chat.,DATING,4.1,2067,24M,"100,000+",Free,0,Mature 17+,Dating,"July 25, 2018",1.6.1,4.4 and up
505,Cougar Dating Life : Date Older Women Sugar Mummy,DATING,3.9,1643,31M,"500,000+",Free,0,Mature 17+,Dating,"July 3, 2018",4.5.5,4.1 and up
506,Howlr,DATING,3.9,105,27M,"5,000+",Free,0,Mature 17+,Dating,"June 19, 2018",1.0.4,4.4 and up
507,Stranger Chat & Date,DATING,3.6,3414,6.2M,"500,000+",Free,0,Mature 17+,Dating,"June 6, 2018",1.2.1,4.1 and up
508,Free Dating & Flirt Chat - Choice of Love,DATING,4.0,42194,Varies with device,"5,000,000+",Free,0,Mature 17+,Dating,"July 24, 2018",Varies with device,Varies with device
509,RandoChat - Chat roulette,DATING,3.6,11806,12M,"1,000,000+",Free,0,Mature 17+,Dating,"June 26, 2018",4.0.18,4.0.3 and up
510,BeWild Free Dating & Chat App,DATING,3.4,1999,8.0M,"100,000+",Free,0,Mature 17+,Dating,"February 3, 2017",1.6.5,4.2 and up
511,"FastMeet: Chat, Dating, Love",DATING,4.2,22544,5.9M,"1,000,000+",Free,0,Mature 17+,Dating,"July 27, 2018",1.31.4,4.0.3 and up
512,"Free Dating App - YoCutie - Flirt, Chat & Meet",DATING,4.1,97684,7.9M,"1,000,000+",Free,0,Mature 17+,Dating,"July 10, 2018",1.230,4.0.3 and up
513,OurTime Dating for Singles 50+,DATING,3.4,2519,5.0M,"100,000+",Free,0,Mature 17+,Dating,"July 25, 2018",1.9.7,4.4 and up
514,FarmersOnly Dating,DATING,3.0,1146,1.4M,"100,000+",Free,0,Mature 17+,Dating,"February 25, 2016",2.2,4.0 and up
515,Dating for 50 plus Mature Singles – FINALLY,DATING,4.6,13046,13M,"500,000+",Free,0,Mature 17+,Dating,"July 31, 2018",4.17.2,4.1 and up
516,Sudy – Meet Elite & Rich Single,DATING,4.1,17268,40M,"500,000+",Free,0,Mature 17+,Dating,"June 25, 2018",4.1.2,4.0.3 and up
517,Christian Dating For Free App,DATING,3.9,8722,13M,"500,000+",Free,0,Mature 17+,Dating,"June 20, 2018",15.8,4.1 and up
518,Just She - Top Lesbian Dating,DATING,1.9,953,19M,"100,000+",Free,0,Mature 17+,Dating,"July 18, 2018",6.3.7,5.0 and up
519,Single Parent Meet #1 Dating,DATING,3.5,2593,5.0M,"500,000+",Free,0,Mature 17+,Dating,"July 25, 2018",1.9.7,4.4 and up
520,EliteSingles – Dating for Single Professionals,DATING,2.5,5377,19M,"500,000+",Free,0,Mature 17+,Dating,"July 31, 2018",4.8.5,4.0.3 and up
521,Millionaire Match: Rich Singles Dating App,DATING,3.9,852,27M,"100,000+",Free,0,Mature 17+,Dating,"July 30, 2018",6.4.6,4.1 and up
522,InterracialCupid - Interracial Dating App,DATING,3.4,212,3.0M,"50,000+",Free,0,Mature 17+,Dating,"June 13, 2018",2.3.0.1781,5.0 and up
523,Sugar Mommas Dating And Single Search,DATING,3.5,1972,13M,"1,000,000+",Free,0,Mature 17+,Dating,"May 12, 2018",4.3,4.1 and up
525,"muzmatch: Muslim & Arab Singles, Marriage & Dating",DATING,3.8,5164,25M,"100,000+",Free,0,Mature 17+,Dating,"July 24, 2018",3.8.75a,4.0.3 and up
526,NoBuffDating - Free Dating App,DATING,4.2,1939,Varies with device,"100,000+",Free,0,Mature 17+,Dating,"January 8, 2017",1.0.0,4.0 and up
527,Sugar Daddy Dating App,DATING,2.5,277,5.7M,"100,000+",Free,0,Mature 17+,Dating,"December 4, 2017",3.0.0,4.1 and up
529,Free Dating App - Meet Local Singles - Flirt Chat,DATING,4.1,825,Varies with device,"100,000+",Free,0,Mature 17+,Dating,"December 28, 2017",1.0.5,4.0 and up
530,"Meet4U - Chat, Love, Singles!",DATING,4.2,40035,6.5M,"1,000,000+",Free,0,Mature 17+,Dating,"July 27, 2018",1.31.3,4.0.3 and up
531,SnpCupid Dating,DATING,3.5,1093,5.8M,"100,000+",Free,0,Mature 17+,Dating,"January 28, 2017",1.6.6,4.2 and up
532,"Chat Rooms, Avatars, Date - Galaxy",DATING,4.3,135418,Varies with device,"10,000,000+",Free,0,Mature 17+,Dating,"July 7, 2018",Varies with device,Varies with device
533,Adult Dating - AdultFinder,DATING,3.3,1601,3.8M,"500,000+",Free,0,Mature 17+,Dating,"February 1, 2017",1.5,4.1 and up
534,Gay Sugar Daddy Dating & Hookup – Sudy Gay,DATING,4.1,2212,41M,"100,000+",Free,0,Mature 17+,Dating,"June 20, 2018",2.0.5,4.0.3 and up
535,"Meet24 - Love, Chat, Singles",DATING,4.2,57081,7.9M,"1,000,000+",Free,0,Mature 17+,Dating,"July 27, 2018",1.31.3,4.0.3 and up
536,BBWCupid - BBW Dating App,DATING,3.5,241,2.8M,"50,000+",Free,0,Mature 17+,Dating,"June 1, 2018",2.2.0.1748,5.0 and up
537,ChatVideo Meet new people,DATING,4.2,63986,20M,"5,000,000+",Free,0,Mature 17+,Dating,"May 31, 2018",3.0.15,4.0 and up
538,"TryDate - Free Online Dating App, Chat Meet Adults",DATING,4.4,7888,15M,"500,000+",Free,0,Mature 17+,Dating,"April 29, 2018",2.4.0,4.1 and up
539,Black White Interracial Dating - Interracial Match,DATING,4.1,535,28M,"100,000+",Free,0,Mature 17+,Dating,"March 29, 2018",2.0.0,4.1 and up
540,"USA Singles Meet, Match and Date Free - Date",DATING,4.2,5084,9.6M,"100,000+",Free,0,Mature 17+,Dating,"August 3, 2018",1.55,4.1 and up
541,FlirtChat - ♥Free Dating/Flirting App♥,DATING,4.3,2430,13M,"500,000+",Free,0,Mature 17+,Dating,"July 26, 2018",12.0.4,4.1 and up
542,OkCupid Dating,DATING,4.1,285726,15M,"10,000,000+",Free,0,Mature 17+,Dating,"July 30, 2018",11.10.1,4.1 and up
543,CMB Free Dating App,DATING,4.0,48845,40M,"1,000,000+",Free,0,Mature 17+,Dating,"August 1, 2018",4.19.0.2320,4.4 and up
544,"Hily: Dating, Chat, Match, Meet & Hook up",DATING,4.1,2556,56M,"100,000+",Free,0,Mature 17+,Dating,"August 1, 2018",2.5.2,4.1 and up
545,Hinge: Dating & Relationships,DATING,4.2,7779,12M,"500,000+",Free,0,Mature 17+,Dating,"August 3, 2018",6.1.3,5.0 and up
546,The League,DATING,3.0,837,9.4M,"100,000+",Free,0,Mature 17+,Dating,"July 16, 2018",1.15.0,4.4 and up
547,BBW Dating & Plus Size Chat,DATING,4.4,12632,29M,"1,000,000+",Free,0,Mature 17+,Dating,"July 27, 2018",3.5.0.1,4.1 and up
548,Casual Dating & Adult Singles - Joyride,DATING,4.5,61637,11M,"5,000,000+",Free,0,Mature 17+,Dating,"July 31, 2018",4.17.2,4.1 and up
549,EliteSingles – Dating for Single Professionals,DATING,2.5,5377,19M,"500,000+",Free,0,Mature 17+,Dating,"July 31, 2018",4.8.5,4.0.3 and up
550,Clover Dating App,DATING,4.1,11633,23M,"500,000+",Free,0,Mature 17+,Dating,"July 24, 2018",2.5.1,4.1 and up
551,"Moco - Chat, Meet People",DATING,4.2,313724,Varies with device,"10,000,000+",Free,0,Mature 17+,Dating,"August 4, 2018",2.6.141,4.1 and up
552,"Herpes Dating: 1,000K+ Singles",DATING,4.0,738,27M,"10,000+",Free,0,Mature 17+,Dating,"August 1, 2018",6.4.1,4.1 and up
553,Hot or Not - Find someone right now,DATING,4.1,305708,Varies with device,"10,000,000+",Free,0,Mature 17+,Dating,"August 2, 2018",Varies with device,Varies with device
554,Just She - Top Lesbian Dating,DATING,1.9,953,19M,"100,000+",Free,0,Mature 17+,Dating,"July 18, 2018",6.3.7,5.0 and up
555,Heart mill,DATING,3.3,4631,45M,"100,000+",Free,0,Mature 17+,Dating,"August 4, 2018",5.2.14,5.0 and up
556,Once - Quality Matches Every day,DATING,4.4,222888,21M,"1,000,000+",Free,0,Mature 17+,Dating,"July 17, 2018",2.45,4.1 and up
557,Sudy – Meet Elite & Rich Single,DATING,4.1,17268,40M,"500,000+",Free,0,Mature 17+,Dating,"June 25, 2018",4.1.2,4.0.3 and up
558,"muzmatch: Muslim & Arab Singles, Marriage & Dating",DATING,3.8,5164,25M,"100,000+",Free,0,Mature 17+,Dating,"July 24, 2018",3.8.75a,4.0.3 and up
560,"Chispa, the Dating App for Latino, Latina Singles",DATING,4.2,4195,24M,"100,000+",Free,0,Mature 17+,Dating,"July 25, 2018",1.6.1,4.4 and up
561,"Blendr - Chat, Flirt & Meet",DATING,4.0,28671,Varies with device,"1,000,000+",Free,0,Mature 17+,Dating,"August 1, 2018",Varies with device,Varies with device
562,Find Real Love — YouLove Premium Dating,DATING,4.5,212626,11M,"10,000,000+",Free,0,Mature 17+,Dating,"July 31, 2018",4.17.2,4.1 and up
563,Mutual - LDS Dating,DATING,3.7,1439,38M,"50,000+",Free,0,Mature 17+,Dating,"July 30, 2018",1.1.46,4.2 and up
564,Cougar Dating Life : Date Older Women Sugar Mummy,DATING,3.9,1645,31M,"500,000+",Free,0,Mature 17+,Dating,"July 3, 2018",4.5.5,4.1 and up
565,stranger chat - anonymous chat,DATING,3.5,13204,6.1M,"1,000,000+",Free,0,Mature 17+,Dating,"July 7, 2018",2.4.1,4.1 and up
566,Millionaire Match: Rich Singles Dating App,DATING,3.9,853,27M,"100,000+",Free,0,Mature 17+,Dating,"July 30, 2018",6.4.6,4.1 and up
567,2RedBeans,DATING,4.0,337,32M,"10,000+",Free,0,Mature 17+,Dating,"July 31, 2018",2.8.0,4.3 and up
568,Dating for 50 plus Mature Singles – FINALLY,DATING,4.6,13049,13M,"500,000+",Free,0,Mature 17+,Dating,"July 31, 2018",4.17.2,4.1 and up
569,"SweetRing - Meet, Match, Date",DATING,4.0,51698,63M,"1,000,000+",Free,0,Mature 17+,Dating,"July 26, 2018",3.0.0,4.0.3 and up
570,"BiggerCity: Chat for gay bears, chubs & chasers",DATING,4.1,923,44M,"100,000+",Free,0,Mature 17+,Dating,"August 2, 2018",3.4.1.1,4.1 and up
571,"Moco+ - Chat, Meet People",DATING,4.2,1546,Varies with device,"10,000+",Paid,$3.99,Mature 17+,Dating,"June 19, 2018",2.6.139,4.1 and up
572,SilverSingles: The 50+ Dating App,DATING,3.3,149,16M,"10,000+",Free,0,Mature 17+,Dating,"July 31, 2018",4.8.5,4.0.3 and up
573,Herpes Positive Singles Dating,DATING,4.4,198,28M,"10,000+",Free,0,Mature 17+,Dating,"May 18, 2018",5.5.7,4.1 and up
574,"Chat Rooms, Avatars, Date - Galaxy",DATING,4.3,135420,Varies with device,"10,000,000+",Free,0,Mature 17+,Dating,"July 7, 2018",Varies with device,Varies with device
575,"FastMeet: Chat, Dating, Love",DATING,4.2,22545,5.9M,"1,000,000+",Free,0,Mature 17+,Dating,"July 27, 2018",1.31.4,4.0.3 and up
576,Christian Dating For Free App,DATING,3.9,8723,13M,"500,000+",Free,0,Mature 17+,Dating,"June 20, 2018",15.8,4.1 and up
577,Glam - Premium Dating App,DATING,4.3,23170,9.0M,"500,000+",Free,0,Mature 17+,Dating,"July 25, 2018",1.5.4.0,4.1 and up
578,"iDates - Chats, Flirts, Dating, Love & Relations",DATING,3.4,13890,20M,"500,000+",Free,0,Mature 17+,Dating,"June 19, 2018",4.9.2 (Oasis),4.2 and up
579,"Meet24 - Love, Chat, Singles",DATING,4.2,57083,7.9M,"1,000,000+",Free,0,Mature 17+,Dating,"July 27, 2018",1.31.3,4.0.3 and up
580,Black White Interracial Dating - Interracial Match,DATING,4.1,537,28M,"100,000+",Free,0,Mature 17+,Dating,"March 29, 2018",2.0.0,4.1 and up
581,JustDating,DATING,4.0,13440,49M,"500,000+",Free,0,Mature 17+,Dating,"August 3, 2018",3.10.5,4.0.3 and up
582,Interracial Match Dating App,DATING,3.6,143,27M,"10,000+",Free,0,Mature 17+,Dating,"July 23, 2018",2.2.7,4.1 and up
583,Russian Dating & Chat for Russian speaking RusDate,DATING,4.2,1059,18M,"100,000+",Free,0,Mature 17+,Dating,"July 26, 2018",1.17,4.2 and up
584,Sky People (SPI): A secure blind date through authentication by Seoul National University,DATING,3.5,894,14M,"100,000+",Free,0,Mature 17+,Dating,"July 17, 2018",3.1.3,4.1 and up
585,Sweet mi - unlimited hunnam hunting blind date,DATING,4.0,6191,27M,"500,000+",Free,0,Mature 17+,Dating,"July 12, 2018",0.0.73,4.1 and up
586,Gay Sugar Daddy Dating & Hookup – Sudy Gay,DATING,4.1,2212,41M,"100,000+",Free,0,Mature 17+,Dating,"June 20, 2018",2.0.5,4.0.3 and up
587,Mingle - Online Dating App to Chat & Meet People,DATING,4.1,15081,38M,"1,000,000+",Free,0,Mature 17+,Dating,"July 26, 2018",4.7.6,4.1 and up
589,BBW Dating & Curvy Singles Chat- LargeFriends,DATING,4.4,218,27M,"10,000+",Free,0,Mature 17+,Dating,"July 23, 2018",5.2.9,4.1 and up
591,Hitwe - meet people and chat,DATING,4.2,243950,21M,"10,000,000+",Free,0,Mature 17+,Dating,"May 10, 2018",4.3.2,4.1 and up
592,A hundred,DATING,4.1,236,8.8M,"10,000+",Free,0,Mature 17+,Dating,"March 29, 2018",3.9.2,4.0.3 and up
593,JustSayHi- Dating App. Chat & Meet Singles Nearby,DATING,4.2,5152,38M,"100,000+",Free,0,Mature 17+,Dating,"July 26, 2018",3.6.3,4.1 and up
594,FERZU - Furries Social Network,DATING,3.9,1576,Varies with device,"10,000+",Free,0,Mature 17+,Dating,"February 16, 2018",4.4.1,4.1 and up
595,WannaMeet – Dating & Chat App,DATING,4.1,6701,11M,"1,000,000+",Free,0,Mature 17+,Dating,"June 29, 2018",5.16.2,4.0.3 and up
596,"Meet4U - Chat, Love, Singles!",DATING,4.2,40039,6.5M,"1,000,000+",Free,0,Mature 17+,Dating,"July 27, 2018",1.31.3,4.0.3 and up
597,Luxy Pro- Elite Dating Single,DATING,3.9,742,26M,"50,000+",Free,0,Mature 17+,Dating,"April 7, 2018",5.3.3.13289,4.0.3 and up
598,Dating Network,DATING,4.0,187,19M,"10,000+",Free,0,Mature 17+,Dating,"July 26, 2018",1.17,4.2 and up
599,"Chatting - Free chat, random chat, boyfriend, girlfriend",DATING,4.2,2506,6.1M,"500,000+",Free,0,Mature 17+,Dating,"June 15, 2017",3.0.0,4.0 and up
600,"iPair-Meet, Chat, Dating",DATING,4.5,182986,77M,"5,000,000+",Free,0,Mature 17+,Dating,"August 2, 2018",5.0.8,4.1 and up
601,"Meet, chat & date. Free dating app - Chocolate app",DATING,3.9,8661,9.5M,"1,000,000+",Free,0,Mature 17+,Dating,"April 3, 2018",0.1.11,4.0 and up
602,Transenger – Ts Dating and Chat for Free,DATING,3.6,8,14M,"1,000+",Free,0,Mature 17+,Dating,"July 29, 2018",1.4.0,4.4 and up
604,Free Cam Girls - Live Webcam,DATING,3.5,35,16M,"1,000+",Free,0,Mature 17+,Dating,"July 16, 2018",2.4,4.0.3 and up
606,Live Girls Talk - Free Video Chat,DATING,4.8,125,4.7M,"5,000+",Free,0,Mature 17+,Dating,"July 8, 2018",8.2,4.0.3 and up
607,Live Talk - Free Text and Video Chat,DATING,4.6,185,5.0M,"10,000+",Free,0,Mature 17+,Dating,"July 16, 2018",8.2,4.0.3 and up
608,Chat Kids - Chat Room For Kids,DATING,4.7,6,4.9M,100+,Free,0,Mature 17+,Dating,"July 24, 2018",1.0,4.0.3 and up
609,Girls Live Chat - Free Text & Video Chat,DATING,4.8,110,4.9M,"10,000+",Free,0,Mature 17+,Dating,"July 9, 2018",8.2,4.0.3 and up
610,Random Video Chat,DATING,,3,16M,"1,000+",Free,0,Mature 17+,Dating,"July 15, 2018",4.20,4.0.3 and up
611,MouseMingle,DATING,2.7,3,3.9M,100+,Free,0,Mature 17+,Dating,"July 17, 2018",1.0.0,4.4 and up
612,American Girls Mobile Numbers,DATING,5.0,5,4.4M,"1,000+",Free,0,Mature 17+,Dating,"July 17, 2018",3.0,4.0.3 and up
613,Random Video Chat App With Strangers,DATING,,3,4.8M,"1,000+",Free,0,Mature 17+,Dating,"July 17, 2018",1.,4.0 and up
614,FREE VIDEO CHAT - LIVE VIDEO AND TEXT CHAT,DATING,4.8,84,4.5M,"1,000+",Free,0,Mature 17+,Dating,"July 6, 2018",8.2,4.0.3 and up
615,Awake Dating,DATING,5.0,2,70M,100+,Free,0,Mature 17+,Dating,"July 24, 2018",2.2.9,4.4 and up
616,Live Chat - Free Video Chat Rooms,DATING,4.8,20,4.9M,500+,Free,0,Mature 17+,Dating,"July 15, 2018",8.2,4.0.3 and up
617,Meet With Strangers: Video Chat & Dating,DATING,,2,3.7M,500+,Free,0,Mature 17+,Dating,"July 16, 2018",1.,4.0 and up
618,FREE LIVE TALK,DATING,4.9,776,4.9M,"5,000+",Free,0,Mature 17+,Dating,"July 14, 2018",8.2,4.0.3 and up
619,Random Chat App with Strangers,DATING,3.0,2,16M,100+,Free,0,Mature 17+,Dating,"July 17, 2018",2.5,4.0.3 and up
621,Dating White Girls,DATING,,0,3.6M,50+,Free,0,Mature 17+,Dating,"July 20, 2018",1.0,4.0 and up
622,Live Chat - Free Video Talk,DATING,4.7,14,21M,"5,000+",Free,0,Mature 17+,Dating,"August 3, 2018",1.3,4.1 and up
623,Geeks Dating,DATING,,0,13M,50+,Free,0,Mature 17+,Dating,"July 10, 2018",1.0,4.1 and up
624,Live chat - free video chat,DATING,,1,8.7M,500+,Free,0,Mature 17+,Dating,"July 23, 2018",3.52,4.0.3 and up
625,House party - live chat,DATING,1.0,1,9.2M,10+,Free,0,Mature 17+,Dating,"July 31, 2018",3.52,4.0.3 and up
627,CAM5678 Video Chat,DATING,,0,39M,500+,Free,0,Mature 17+,Dating,"July 13, 2018",5.5.8,4.0.3 and up
629,chat live chat,DATING,,24,3.9M,"1,000+",Free,0,Mature 17+,Dating,"July 26, 2018",1.0,4.0 and up
630,Pet Lovers Dating,DATING,,0,14M,10+,Free,0,Mature 17+,Dating,"July 9, 2018",1.0,4.1 and up
631,Friend Find: free chat + flirt dating app,DATING,,23,11M,100+,Free,0,Mature 17+,Dating,"July 31, 2018",1.0,4.4 and up
632,Latin Dating,DATING,,0,13M,10+,Free,0,Mature 17+,Dating,"July 9, 2018",1.0,4.1 and up
634,Online Chat Girls Meet,DATING,4.7,18,5.0M,500+,Free,0,Mature 17+,Dating,"July 25, 2018",8.2,4.0.3 and up
636,Girls Live Talk - Free Text and Video Chat,DATING,5.0,6,5.0M,100+,Free,0,Mature 17+,Dating,"August 1, 2018",8.2,4.0.3 and up
640,Online Girls Chat Group,DATING,5.0,5,5.0M,100+,Free,0,Mature 17+,Dating,"August 2, 2018",8.2,4.0.3 and up
641,The DJ - Match with People,DATING,,0,9.8M,50+,Free,0,Mature 17+,Dating,"August 2, 2018",1.2,4.1 and up
642,Toronto Dating,DATING,,0,14M,100+,Free,0,Mature 17+,Dating,"July 12, 2018",1.0,4.1 and up
645,UK Girls Mobile Numbers,DATING,3.0,1,5.5M,500+,Free,0,Mature 17+,Dating,"July 19, 2018",1.0,4.0.3 and up
646,chat saudi arabia,DATING,4.1,11,11M,"1,000+",Free,0,Mature 17+,Dating,"July 14, 2018",1.1,4.0 and up
647,Chat Click - Dating Search,DATING,,4,3.8M,500+,Free,0,Mature 17+,Dating,"July 11, 2018",1.0,3.0 and up
650,following,DATING,,1,21M,10+,Free,0,Mature 17+,Dating,"July 24, 2018",1.0.3,4.2 and up
651,Gods by Night,DATING,,104,12M,"1,000+",Free,0,Mature 17+,Dating,"July 22, 2018",3.5.4.2.3,4.1 and up
652,PlusOne,DATING,,0,10M,1+,Free,0,Mature 17+,Dating,"July 17, 2018",1.1.1,4.2 and up
654,Speeding Joyride & Car Meet App,DATING,5.0,3,25M,100+,Free,0,Mature 17+,Dating,"July 20, 2018",1.2.9,4.1 and up
655,LOBSTR - go on a lunch date,DATING,3.7,101,15M,"10,000+",Free,0,Mature 17+,Dating,"July 24, 2018",2,4.1 and up
656,Titanic App - Feminist Dating Application,DATING,4.5,120,10M,500+,Free,0,Mature 17+,Dating,"August 4, 2018",1.5-beta,5.0 and up
657,French Chat Room,DATING,4.2,24,4.9M,"1,000+",Free,0,Mature 17+,Dating,"July 11, 2018",1.0,4.0.3 and up
658,Soul Mate,DATING,,0,4.4M,10+,Free,0,Mature 17+,Dating,"July 19, 2018",4.5.0,4.0.3 and up
661,Halalguur,DATING,4.3,6,9.0M,100+,Free,0,Mature 17+,Dating,"July 26, 2018",3.7,4.0.3 and up
663,Just She - Top Lesbian Dating,DATING,1.9,954,19M,"100,000+",Free,0,Mature 17+,Dating,"July 18, 2018",6.3.7,5.0 and up
664,"Hily: Dating, Chat, Match, Meet & Hook up",DATING,4.1,2560,56M,"100,000+",Free,0,Mature 17+,Dating,"August 1, 2018",2.5.2,4.1 and up
666,Random Video Chat,DATING,,3,16M,"1,000+",Free,0,Mature 17+,Dating,"July 15, 2018",4.20,4.0.3 and up
667,Black People Meet Singles Date,DATING,3.9,10212,5.0M,"1,000,000+",Free,0,Mature 17+,Dating,"July 25, 2018",1.9.7,4.4 and up
668,Howlr,DATING,3.9,105,27M,"5,000+",Free,0,Mature 17+,Dating,"June 19, 2018",1.0.4,4.4 and up
669,Find Lover,DATING,,21,4.7M,"1,000+",Free,0,Mature 17+,Dating,"July 27, 2018",1.0.2,4.0.3 and up
670,Free Dating & Flirt Chat - Choice of Love,DATING,4.0,42197,Varies with device,"5,000,000+",Free,0,Mature 17+,Dating,"July 24, 2018",Varies with device,Varies with device
672,Chat Kids - Chat Room For Kids,DATING,4.7,6,4.9M,100+,Free,0,Mature 17+,Dating,"July 24, 2018",1.0,4.0.3 and up
673,"muzmatch: Muslim & Arab Singles, Marriage & Dating",DATING,3.8,5168,25M,"100,000+",Free,0,Mature 17+,Dating,"July 24, 2018",3.8.75a,4.0.3 and up
674,BBW Dating & Plus Size Chat,DATING,4.4,12633,29M,"1,000,000+",Free,0,Mature 17+,Dating,"July 27, 2018",3.5.0.1,4.1 and up
675,"2Date Dating App, Love and matching",DATING,4.4,41605,8.1M,"500,000+",Free,0,Mature 17+,Dating,"July 26, 2018",4.813,4.0.3 and up
676,Transenger – Ts Dating and Chat for Free,DATING,3.6,8,14M,"1,000+",Free,0,Mature 17+,Dating,"July 29, 2018",1.4.0,4.4 and up
677,BBW Dating & Curvy Singles Chat- LargeFriends,DATING,4.4,218,27M,"10,000+",Free,0,Mature 17+,Dating,"July 23, 2018",5.2.9,4.1 and up
678,MouseMingle,DATING,2.7,3,3.9M,100+,Free,0,Mature 17+,Dating,"July 17, 2018",1.0.0,4.4 and up
679,FlirtChat - ♥Free Dating/Flirting App♥,DATING,4.3,2433,13M,"500,000+",Free,0,Mature 17+,Dating,"July 26, 2018",12.0.4,4.1 and up
680,Live Talk - Free Text and Video Chat,DATING,4.6,185,5.0M,"10,000+",Free,0,Mature 17+,Dating,"July 16, 2018",8.2,4.0.3 and up
682,Free Cam Girls - Live Webcam,DATING,3.5,35,16M,"1,000+",Free,0,Mature 17+,Dating,"July 16, 2018",2.4,4.0.3 and up
683,Random Video Chat App With Strangers,DATING,,3,4.8M,"1,000+",Free,0,Mature 17+,Dating,"July 17, 2018",1.,4.0 and up
684,Teenage Chat & Dating,DATING,3.4,5,14M,500+,Free,0,Mature 17+,Dating,"July 9, 2018",1.2,4.1 and up
685,Live Girls Talk - Free Video Chat,DATING,4.8,125,4.7M,"5,000+",Free,0,Mature 17+,Dating,"July 8, 2018",8.2,4.0.3 and up
686,Girls Online Talk - Free Text and Video Chat,DATING,4.7,791,3.7M,"10,000+",Free,0,Mature 17+,Dating,"May 15, 2018",8.2,4.0.3 and up
687,Girls Live Chat - Free Text & Video Chat,DATING,4.8,110,4.9M,"10,000+",Free,0,Mature 17+,Dating,"July 9, 2018",8.2,4.0.3 and up
688,Online Girls Chat,DATING,4.8,5323,3.5M,"50,000+",Free,0,Mature 17+,Dating,"April 21, 2018",8.2,4.0.3 and up
689,LIVE VIDEO TALK,DATING,4.7,478,4.5M,"10,000+",Free,0,Mature 17+,Dating,"June 28, 2018",8.2,4.0.3 and up
690,Free Dating App - Meet Local Singles - Flirt Chat,DATING,4.1,825,Varies with device,"100,000+",Free,0,Mature 17+,Dating,"December 28, 2017",1.0.5,4.0 and up
691,SkyLove – Dating and chat,DATING,3.5,69,36M,"5,000+",Free,0,Mature 17+,Dating,"August 4, 2018",1.0.82,4.4 and up
692,Free Live Talk-Video Call,DATING,4.7,158,4.5M,"10,000+",Free,0,Mature 17+,Dating,"July 5, 2018",8.2,4.0.3 and up
693,FindLoving,DATING,3.8,24,19M,"1,000+",Free,0,Mature 17+,Dating,"August 2, 2018",1.0.5,4.0 and up
694,Sugar Daddies Dating App,DATING,2.9,53,14M,"10,000+",Free,0,Mature 17+,Dating,"July 10, 2018",4.1,4.1 and up
695,"iPair-Meet, Chat, Dating",DATING,4.5,182986,77M,"5,000,000+",Free,0,Mature 17+,Dating,"August 2, 2018",5.0.8,4.1 and up
696,Free Dating Hook Up Messenger,DATING,3.3,1157,21M,"100,000+",Free,0,Mature 17+,Dating,"January 27, 2017",5.0.1,4.2 and up
697,"Free Dating App - YoCutie - Flirt, Chat & Meet",DATING,4.1,97699,7.9M,"1,000,000+",Free,0,Mature 17+,Dating,"July 10, 2018",1.230,4.0.3 and up
698,"Chat Mexico: meet people, flirt and friendship",DATING,,8,9.3M,"5,000+",Free,0,Mature 17+,Dating,"July 2, 2018",3.7,4.0.3 and up
721,Japanese / English one-shop search dictionary - Free Japanese - English - Japanese dictionary application,EDUCATION,3.9,61,18M,"50,000+",Free,0,Mature 17+,Education,"May 28, 2018",1.4.2,5.0 and up
724,THAI DICT 2018,EDUCATION,4.4,29855,Varies with device,"1,000,000+",Free,0,Mature 17+,Education,"July 29, 2018",Varies with device,Varies with device
725,Kanji test · Han search Kanji training (free version),EDUCATION,4.2,6736,22M,"1,000,000+",Free,0,Mature 17+,Education,"October 17, 2017",2.51.0,4.0.3 and up
872,Cinematic Cinematic,ENTERTAINMENT,4.4,37000,15M,"1,000,000+",Free,0,Mature 17+,Entertainment,"June 21, 2018",4.0.5,4.1 and up
914,STARZ,ENTERTAINMENT,4.3,88185,Varies with device,"10,000,000+",Free,0,Mature 17+,Entertainment,"June 20, 2018",Varies with device,Varies with device
928,SeriesGuide – Show & Movie Manager,ENTERTAINMENT,4.3,64448,4.4M,"1,000,000+",Free,0,Mature 17+,Entertainment,"July 21, 2018",43,4.0.3 and up
934,STARZ,ENTERTAINMENT,4.3,88185,Varies with device,"10,000,000+",Free,0,Mature 17+,Entertainment,"June 20, 2018",Varies with device,Varies with device
956,FOX,ENTERTAINMENT,3.7,197774,44M,"10,000,000+",Free,0,Mature 17+,Entertainment,"June 25, 2018",6.6.1,4.4 and up
964,STARZ,ENTERTAINMENT,4.3,88185,Varies with device,"10,000,000+",Free,0,Mature 17+,Entertainment,"June 20, 2018",Varies with device,Varies with device
984,FOX,ENTERTAINMENT,3.7,197774,44M,"10,000,000+",Free,0,Mature 17+,Entertainment,"June 25, 2018",6.6.1,4.4 and up
999,Meme Creator,ENTERTAINMENT,4.2,38769,44M,"1,000,000+",Free,0,Mature 17+,Entertainment,"September 22, 2015",7.2.3,2.3 and up
1001,Meme Generator,ENTERTAINMENT,4.6,3771,53M,"100,000+",Paid,$2.99,Mature 17+,Entertainment,"August 3, 2018",4.426,4.1 and up
1299,Weight Loss Running by Verv,HEALTH_AND_FITNESS,4.5,27393,59M,"1,000,000+",Free,0,Mature 17+,Health & Fitness,"July 16, 2018",6.5.3,4.1 and up
1318,Weight Loss Running by Verv,HEALTH_AND_FITNESS,4.5,27396,59M,"1,000,000+",Free,0,Mature 17+,Health & Fitness,"July 16, 2018",6.5.3,4.1 and up
1372,Weight Loss Running by Verv,HEALTH_AND_FITNESS,4.5,27396,59M,"1,000,000+",Free,0,Mature 17+,Health & Fitness,"July 16, 2018",6.5.3,4.1 and up
1593,w UN map,LIFESTYLE,4.2,23164,10.0M,"1,000,000+",Free,0,Mature 17+,Lifestyle,"July 24, 2018",2.6,5.0 and up
1669,Zombie Hunter King,GAME,4.3,10306,50M,"1,000,000+",Free,0,Mature 17+,Action,"August 1, 2018",1.0.8,2.3 and up
1699,Sniper 3D Gun Shooter: Free Shooting Games - FPS,GAME,4.6,7671249,Varies with device,"100,000,000+",Free,0,Mature 17+,Action,"August 2, 2018",Varies with device,Varies with device
1723,Sniper 3D Gun Shooter: Free Shooting Games - FPS,GAME,4.6,7672495,Varies with device,"100,000,000+",Free,0,Mature 17+,Action,"August 2, 2018",Varies with device,Varies with device
1728,Zombie Hunter King,GAME,4.3,10354,50M,"1,000,000+",Free,0,Mature 17+,Action,"August 1, 2018",1.0.8,2.3 and up
1756,Sniper 3D Gun Shooter: Free Shooting Games - FPS,GAME,4.6,7672495,Varies with device,"100,000,000+",Free,0,Mature 17+,Action,"August 2, 2018",Varies with device,Varies with device
1819,Mafia City,GAME,4.5,168717,56M,"10,000,000+",Free,0,Mature 17+,Strategy,"August 3, 2018",1.3.205,2.3 and up
1828,Chapters: Interactive Stories,GAME,4.5,73539,96M,"1,000,000+",Free,0,Mature 17+,Role Playing,"August 2, 2018",1.3.3,4.3 and up
1856,The Walking Dead: Road to Survival,GAME,4.2,522466,37M,"10,000,000+",Free,0,Mature 17+,Role Playing,"June 19, 2018",12.0.4.62276,4.0.3 and up
1858,Might & Magic: Elemental Guardians,GAME,4.3,32551,35M,"500,000+",Free,0,Mature 17+,Role Playing,"July 12, 2018",1.93,4.4 and up
1874,Zombie Hunter King,GAME,4.3,10493,50M,"1,000,000+",Free,0,Mature 17+,Action,"August 1, 2018",1.0.8,2.3 and up
1910,Sniper 3D Gun Shooter: Free Shooting Games - FPS,GAME,4.6,7674252,Varies with device,"100,000,000+",Free,0,Mature 17+,Action,"August 2, 2018",Varies with device,Varies with device
1925,Sniper 3D Gun Shooter: Free Shooting Games - FPS,GAME,4.6,7674252,Varies with device,"100,000,000+",Free,0,Mature 17+,Action,"August 2, 2018",Varies with device,Varies with device
1936,DEAD TARGET: FPS Zombie Apocalypse Survival Games,GAME,4.5,1468591,Varies with device,"50,000,000+",Free,0,Mature 17+,Action,"July 23, 2018",Varies with device,Varies with device
1948,Zombie Hunter King,GAME,4.3,10538,50M,"1,000,000+",Free,0,Mature 17+,Action,"August 1, 2018",1.0.8,2.3 and up
1959,Tiny Archers,GAME,4.5,80678,Varies with device,"5,000,000+",Free,0,Mature 17+,Action,"May 25, 2018",Varies with device,Varies with device
2009,DEAD TARGET: FPS Zombie Apocalypse Survival Games,GAME,4.5,1468638,Varies with device,"50,000,000+",Free,0,Mature 17+,Action,"July 23, 2018",Varies with device,Varies with device
2252,Essential Anatomy 3,MEDICAL,4.1,1533,42M,"50,000+",Paid,$11.99,Mature 17+,Medical,"August 7, 2014",1.1.3,4.0.3 and up
2368,live Point,MEDICAL,3.6,54,17M,"5,000+",Free,0,Mature 17+,Medical,"July 3, 2018",2.6.5,4.1 and up
2386,Essential Anatomy 3,MEDICAL,4.1,1533,42M,"50,000+",Paid,$11.99,Mature 17+,Medical,"August 7, 2014",1.1.3,4.0.3 and up
2446,Diabetes Testing,MEDICAL,,1,3.6M,500+,Free,0,Mature 17+,Medical,"July 26, 2018",1.0,4.0.3 and up
2522,420 BZ Budeze Delivery,MEDICAL,5.0,2,11M,100+,Free,0,Mature 17+,Medical,"June 6, 2018",1.0.1,4.1 and up
2533,Zen Leaf,MEDICAL,5.0,1,6.1M,100+,Free,0,Mature 17+,Medical,"March 8, 2018",2.3.5,4.1 and up
2548,Tumblr,SOCIAL,4.4,2955326,Varies with device,"100,000,000+",Free,0,Mature 17+,Social,"August 1, 2018",Varies with device,Varies with device
2560,Jodel - The Hyperlocal App,SOCIAL,4.5,76480,20M,"1,000,000+",Free,0,Mature 17+,Social,"August 6, 2018",4.95.4,5.0 and up
2569,SPARK - Live random video chat & meet new people,SOCIAL,4.6,79658,17M,"5,000,000+",Free,0,Mature 17+,Social,"August 6, 2018",2.1.3.2,4.3 and up
2573,Meet – Talk to Strangers Using Random Video Chat,SOCIAL,4.6,60562,15M,"5,000,000+",Free,0,Mature 17+,Social,"August 6, 2018",1.3.2,4.3 and up
2577,HTC Social Plugin - Facebook,SOCIAL,3.6,13223,2.8M,"10,000,000+",Free,0,Mature 17+,Social,"June 8, 2016",8.00.752746,4.4 and up
2578,Periscope - Live Video,SOCIAL,4.0,479908,15M,"10,000,000+",Free,0,Mature 17+,Social,"July 9, 2018",1.23.3.0,4.4 and up
2588,Badoo - Free Chat & Dating App,SOCIAL,4.3,3781770,Varies with device,"100,000,000+",Free,0,Mature 17+,Social,"August 2, 2018",Varies with device,Varies with device
2592,Tango - Live Video Broadcast,SOCIAL,4.3,3806669,Varies with device,"100,000,000+",Free,0,Mature 17+,Social,"August 1, 2018",Varies with device,Varies with device
2593,MeetMe: Chat & Meet New People,SOCIAL,4.2,1259849,76M,"50,000,000+",Free,0,Mature 17+,Social,"August 3, 2018",Varies with device,4.1 and up
2594,"Tagged - Meet, Chat & Dating",SOCIAL,4.1,486824,Varies with device,"10,000,000+",Free,0,Mature 17+,Social,"June 21, 2018",Varies with device,Varies with device
2596,"SayHi Chat, Meet New People",SOCIAL,4.2,423105,Varies with device,"10,000,000+",Free,0,Mature 17+,Social,"July 9, 2018",Varies with device,Varies with device
2598,"Tapatalk - 100,000+ Forums",SOCIAL,4.1,285816,Varies with device,"10,000,000+",Free,0,Mature 17+,Social,"June 19, 2018",Varies with device,Varies with device
2599,Tumblr,SOCIAL,4.4,2955325,Varies with device,"100,000,000+",Free,0,Mature 17+,Social,"August 1, 2018",Varies with device,Varies with device
2600,Blogger,SOCIAL,3.7,138026,2.7M,"5,000,000+",Free,0,Mature 17+,Social,"February 29, 2016",2.1.3,2.1 and up
2608,Periscope - Live Video,SOCIAL,4.0,479909,15M,"10,000,000+",Free,0,Mature 17+,Social,"July 9, 2018",1.23.3.0,4.4 and up
2614,"SKOUT - Meet, Chat, Go Live",SOCIAL,4.3,1064049,Varies with device,"50,000,000+",Free,0,Mature 17+,Social,"July 28, 2018",Varies with device,Varies with device
2617,MeetMe: Chat & Meet New People,SOCIAL,4.2,1259894,76M,"50,000,000+",Free,0,Mature 17+,Social,"August 3, 2018",Varies with device,4.1 and up
2620,Frontback - Social Photos,SOCIAL,3.8,19446,Varies with device,"1,000,000+",Free,0,Mature 17+,Social,"December 1, 2017",3.4.5,4.0.3 and up
2623,Tango - Live Video Broadcast,SOCIAL,4.3,3806669,Varies with device,"100,000,000+",Free,0,Mature 17+,Social,"August 1, 2018",Varies with device,Varies with device
2624,"SayHi Chat, Meet New People",SOCIAL,4.2,423138,Varies with device,"10,000,000+",Free,0,Mature 17+,Social,"July 9, 2018",Varies with device,Varies with device
2625,"Tapatalk - 100,000+ Forums",SOCIAL,4.1,285820,Varies with device,"10,000,000+",Free,0,Mature 17+,Social,"June 19, 2018",Varies with device,Varies with device
2627,Badoo - Free Chat & Dating App,SOCIAL,4.3,3781770,Varies with device,"100,000,000+",Free,0,Mature 17+,Social,"August 2, 2018",Varies with device,Varies with device
2629,POF Free Dating App,SOCIAL,4.2,1175794,Varies with device,"50,000,000+",Free,0,Mature 17+,Social,"July 31, 2018",Varies with device,Varies with device
2630,MeetMe: Chat & Meet New People,SOCIAL,4.2,1259894,76M,"50,000,000+",Free,0,Mature 17+,Social,"August 3, 2018",Varies with device,4.1 and up
2631,LOVOO,SOCIAL,4.0,852455,68M,"10,000,000+",Free,0,Mature 17+,Social,"August 3, 2018",27.0,4.2 and up
2632,"Jaumo Dating, Flirt & Live Video",SOCIAL,4.4,900064,13M,"10,000,000+",Free,0,Mature 17+,Social,"July 31, 2018",4.17.2,4.1 and up
2633,Patook - make platonic friends,SOCIAL,4.0,3677,50M,"100,000+",Free,0,Mature 17+,Social,"June 21, 2018",10.6.3,5.0 and up
2639,"Dating App, Flirt & Chat : W-Match",SOCIAL,4.3,175722,Varies with device,"10,000,000+",Free,0,Mature 17+,Social,"July 23, 2018",Varies with device,Varies with device
2642,POF Free Dating App,SOCIAL,4.2,1175815,Varies with device,"50,000,000+",Free,0,Mature 17+,Social,"July 31, 2018",Varies with device,Varies with device
2643,MeetMe: Chat & Meet New People,SOCIAL,4.2,1259894,76M,"50,000,000+",Free,0,Mature 17+,Social,"August 3, 2018",Varies with device,4.1 and up
2644,"Tagged - Meet, Chat & Dating",SOCIAL,4.1,486830,Varies with device,"10,000,000+",Free,0,Mature 17+,Social,"June 21, 2018",Varies with device,Varies with device
2645,LOVOO,SOCIAL,4.0,852455,68M,"10,000,000+",Free,0,Mature 17+,Social,"August 3, 2018",27.0,4.2 and up
2646,"SKOUT - Meet, Chat, Go Live",SOCIAL,4.3,1064076,Varies with device,"50,000,000+",Free,0,Mature 17+,Social,"July 28, 2018",Varies with device,Varies with device
2647,Badoo - Free Chat & Dating App,SOCIAL,4.3,3781770,Varies with device,"100,000,000+",Free,0,Mature 17+,Social,"August 2, 2018",Varies with device,Varies with device
2648,"Jaumo Dating, Flirt & Live Video",SOCIAL,4.4,900064,13M,"10,000,000+",Free,0,Mature 17+,Social,"July 31, 2018",4.17.2,4.1 and up
2649,"Mico- Stranger Chat Random video Chat, Live, Meet",SOCIAL,4.4,624557,56M,"10,000,000+",Free,0,Mature 17+,Social,"July 27, 2018",5.4.7.1,4.3 and up
2650,"SayHi Chat, Meet New People",SOCIAL,4.2,423138,Varies with device,"10,000,000+",Free,0,Mature 17+,Social,"July 9, 2018",Varies with device,Varies with device
2651,"Waplog - Free Chat, Dating App, Meet Singles",SOCIAL,4.2,522018,Varies with device,"10,000,000+",Free,0,Mature 17+,Social,"August 2, 2018",Varies with device,Varies with device
2822,Makeup Editor -Beauty Photo Editor & Selfie Camera,PHOTOGRAPHY,4.5,3378,30M,"1,000,000+",Free,0,Mature 17+,Photography,"July 25, 2018",1.7,4.1 and up
2856,Flickr,PHOTOGRAPHY,4.3,251951,16M,"10,000,000+",Free,0,Mature 17+,Photography,"July 11, 2018",4.7.3,4.4 and up
2887,Flickr,PHOTOGRAPHY,4.3,251951,16M,"10,000,000+",Free,0,Mature 17+,Photography,"July 11, 2018",4.7.3,4.4 and up
2942,"Z Camera - Photo Editor, Beauty Selfie, Collage",PHOTOGRAPHY,4.4,1075277,47M,"100,000,000+",Free,0,Mature 17+,Photography,"August 3, 2018",4.21,4.1 and up
2973,Sport.pl LIVE,SPORTS,4.4,21733,Varies with device,"1,000,000+",Free,0,Mature 17+,Sports,"June 29, 2018",Varies with device,Varies with device
2975,Yahoo Fantasy Sports - #1 Rated Fantasy App,SPORTS,4.2,277902,Varies with device,"5,000,000+",Free,0,Mature 17+,Sports,"August 2, 2018",Varies with device,Varies with device
3009,Yahoo Fantasy Sports - #1 Rated Fantasy App,SPORTS,4.2,277900,Varies with device,"5,000,000+",Free,0,Mature 17+,Sports,"August 2, 2018",Varies with device,Varies with device
3041,FanDuel: Daily Fantasy Sports,SPORTS,4.6,29673,57M,"1,000,000+",Free,0,Mature 17+,Sports,"August 6, 2018",2.46.1,5.0 and up
3042,Yahoo Fantasy Sports - #1 Rated Fantasy App,SPORTS,4.2,277904,Varies with device,"5,000,000+",Free,0,Mature 17+,Sports,"August 2, 2018",Varies with device,Varies with device
3071,Yahoo Fantasy Sports - #1 Rated Fantasy App,SPORTS,4.2,277904,Varies with device,"5,000,000+",Free,0,Mature 17+,Sports,"August 2, 2018",Varies with device,Varies with device
3122,GasBuddy: Find Cheap Gas,TRAVEL_AND_LOCAL,4.6,751551,42M,"10,000,000+",Free,0,Mature 17+,Travel & Local,"August 2, 2018",5.2.0 21127,4.4 and up
3356,3D Live Neon Weed Launcher,PERSONALIZATION,4.5,1724,21M,"100,000+",Free,0,Mature 17+,Personalization,"June 26, 2018",5.34.10,4.0.3 and up
3581,Development of the child up to a year,PARENTING,4.6,1413,14M,"100,000+",Free,0,Mature 17+,Parenting,"July 20, 2018",2.9.9,4.1 and up
3734,"Reddit: Social News, Trending Memes & Funny Videos",NEWS_AND_MAGAZINES,4.6,697212,Varies with device,"10,000,000+",Free,0,Mature 17+,News & Magazines,"August 2, 2018",Varies with device,Varies with device
3738,"Topbuzz: Breaking News, Videos & Funny GIFs",NEWS_AND_MAGAZINES,4.7,175110,25M,"10,000,000+",Free,0,Mature 17+,News & Magazines,"August 6, 2018",6.7.3,4.0 and up
3739,Twitter,NEWS_AND_MAGAZINES,4.3,11667403,Varies with device,"500,000,000+",Free,0,Mature 17+,News & Magazines,"August 6, 2018",Varies with device,Varies with device
3746,"Onet - news, weather, sport",NEWS_AND_MAGAZINES,4.0,13950,Varies with device,"1,000,000+",Free,0,Mature 17+,News & Magazines,"August 6, 2018",Varies with device,Varies with device
3773,World Newspapers,NEWS_AND_MAGAZINES,4.4,185884,7.5M,"1,000,000+",Free,0,Mature 17+,News & Magazines,"September 17, 2017",3.1.9,4.1 and up
3789,Sync for reddit,NEWS_AND_MAGAZINES,4.6,62740,8.6M,"500,000+",Free,0,Mature 17+,News & Magazines,"June 16, 2018",16.3,4.1 and up
3796,Twitter,NEWS_AND_MAGAZINES,4.3,11667403,Varies with device,"500,000,000+",Free,0,Mature 17+,News & Magazines,"August 6, 2018",Varies with device,Varies with device
3817,BaconReader for Reddit,NEWS_AND_MAGAZINES,4.5,103074,Varies with device,"1,000,000+",Free,0,Mature 17+,News & Magazines,"July 2, 2018",Varies with device,Varies with device
3874,Rope Hero Return of a Legend,GAME,4.3,9951,96M,"1,000,000+",Free,0,Mature 17+,Arcade,"August 26, 2016",1.0,2.3 and up
3892,Azar,COMMUNICATION,4.2,1092337,Varies with device,"50,000,000+",Free,0,Mature 17+,Communication,"July 24, 2018",Varies with device,Varies with device
3919,Real City Car Driver,GAME,3.7,413609,22M,"10,000,000+",Free,0,Mature 17+,Racing,"August 1, 2018",2.8,4.1 and up
3948,B-Messenger Video Chat,SOCIAL,4.1,12495,19M,"1,000,000+",Free,0,Mature 17+,Social,"August 19, 2017",7.1.1,2.3 and up
3958,MORTAL KOMBAT X,GAME,4.4,3039889,18M,"10,000,000+",Free,0,Mature 17+,Action,"June 27, 2018",1.18.2,4.0 and up
3984,Cardi B HD Wallpapers Lock Screen,PERSONALIZATION,4.5,2,10M,500+,Free,0,Mature 17+,Personalization,"June 10, 2018",1.3,4.0.3 and up
4007,CPlus for Craigslist - Officially Licensed,LIFESTYLE,4.5,8096,16M,"1,000,000+",Free,0,Mature 17+,Lifestyle,"August 3, 2018",1.6.4,4.1 and up
4034,Hitman Sniper,GAME,4.6,408292,29M,"10,000,000+",Paid,$0.99,Mature 17+,Action,"July 12, 2018",1.7.110758,4.1 and up
4035,FRONTLINE COMMANDO: D-DAY,GAME,4.5,1736105,14M,"10,000,000+",Free,0,Mature 17+,Action,"May 16, 2014",3.0.4,2.1 and up
4051,Sniper 3D Gun Shooter: Free Shooting Games - FPS,GAME,4.6,7657490,Varies with device,"100,000,000+",Free,0,Mature 17+,Action,"August 2, 2018",Varies with device,Varies with device
4077,E-cigarette for free,FAMILY,3.6,1354,4.8M,"500,000+",Free,0,Mature 17+,Entertainment,"October 23, 2017",1.0,2.3 and up
4115,Twitter,NEWS_AND_MAGAZINES,4.3,11657972,Varies with device,"500,000,000+",Free,0,Mature 17+,News & Magazines,"July 30, 2018",Varies with device,Varies with device
4146,Gangstar Vegas - mafia game,GAME,4.5,4830407,32M,"50,000,000+",Free,0,Mature 17+,Action,"May 25, 2018",3.7.1a,Varies with device
4190,H*nest Meditation,LIFESTYLE,4.9,145,48M,"5,000+",Paid,$1.99,Mature 17+,Lifestyle,"April 7, 2016",1.0,4.0.3 and up
4195,H!LooK - Dating,DATING,4.2,46,26M,"10,000+",Free,0,Mature 17+,Dating,"July 29, 2018",2.1.6,5.0 and up
4232,POF Free Dating App,SOCIAL,4.2,1175188,Varies with device,"50,000,000+",Free,0,Mature 17+,Social,"July 31, 2018",Varies with device,Varies with device
4274,J. Cole Albums (2007-2017),FAMILY,4.6,7,7.3M,"1,000+",Free,0,Mature 17+,Entertainment,"April 11, 2018",1.3,4.0.3 and up
4294,K-Chiing VPN (Free),TOOLS,3.7,43,10M,"5,000+",Free,0,Mature 17+,Tools,"July 24, 2018",2.1.2,4.1 and up
4316,Anna.K Tarot,FAMILY,4.8,17,23M,100+,Paid,$3.99,Mature 17+,Entertainment,"January 16, 2017",1.4.4,4.0.3 and up
4341,Dialer theme Droid L,PERSONALIZATION,4.3,1734,2.8M,"100,000+",Free,0,Mature 17+,Personalization,"April 2, 2016",4.0,4.0.3 and up
4434,Drink-O-Tron The Drinking Game,GAME,4.1,140,45M,"50,000+",Free,0,Mature 17+,Card,"May 31, 2017",1.64,4.0.3 and up
4455,pixiv,SOCIAL,4.2,86956,24M,"1,000,000+",Free,0,Mature 17+,Social,"August 3, 2018",5.0.109,4.4 and up
4491,"Q Alerts: QAnon Drop Notifications, Research +++",NEWS_AND_MAGAZINES,4.7,143,26M,"5,000+",Paid,$0.99,Mature 17+,News & Magazines,"July 26, 2018",4.1.10,4.1 and up
4563,R. Lee Ermey's Official Sound,FAMILY,4.2,1696,2.7M,"100,000+",Free,0,Mature 17+,Entertainment,"September 19, 2012",1.4,2.1 and up
4586,Tumblr,SOCIAL,4.4,2953886,Varies with device,"100,000,000+",Free,0,Mature 17+,Social,"August 1, 2018",Varies with device,Varies with device
4587,Tinder,LIFESTYLE,4.0,2789775,68M,"100,000,000+",Free,0,Mature 17+,Lifestyle,"August 2, 2018",9.5.0,4.4 and up
4588,"Topbuzz: Breaking News, Videos & Funny GIFs",NEWS_AND_MAGAZINES,4.7,174827,25M,"10,000,000+",Free,0,Mature 17+,News & Magazines,"August 4, 2018",6.7.3,4.0 and up
4592,Telegram,COMMUNICATION,4.4,3128611,Varies with device,"100,000,000+",Free,0,Mature 17+,Communication,"July 27, 2018",Varies with device,Varies with device
4628,U LIVE – Video Chat & Stream,SOCIAL,4.5,67611,21M,"1,000,000+",Free,0,Mature 17+,Social,"April 23, 2018",263.16.29,4.0.3 and up
4632,Ustream,VIDEO_PLAYERS,4.0,93638,7.3M,"10,000,000+",Free,0,Mature 17+,Video Players & Editors,"July 11, 2018",3.2.2,4.1 and up
4636,/u/app,COMMUNICATION,4.7,573,53M,"10,000+",Free,0,Mature 17+,Communication,"July 3, 2018",4.2.4,4.1 and up
4652,"See U - Random video chat, video chat",SOCIAL,4.1,568,27M,"100,000+",Free,0,Mature 17+,Social,"April 13, 2018",1.4.1,4.1 and up
4661,"Meet U - Get Friends for Snapchat, Kik & Instagram",SOCIAL,4.6,4435,5.4M,"100,000+",Free,0,Mature 17+,Social,"May 25, 2018",1.0.3386,4.0.3 and up
4679,The Gang Sniper V. Pocket Edition.,GAME,3.9,6121,61M,"500,000+",Free,0,Mature 17+,Action,"June 20, 2018",2.1,4.1 and up
4691,San Andreas: Gang Crime V,GAME,4.1,2399,42M,"100,000+",Free,0,Mature 17+,Action,"January 28, 2018",1.0.1,2.3 and up
4708,Mental Hospital V,GAME,4.2,2460,25M,"50,000+",Paid,$0.99,Mature 17+,Action,"November 19, 2016",1.04,4.2 and up
4709,Grand Stickman Cover V,GAME,4.0,1744,37M,"100,000+",Free,0,Mature 17+,Action,"May 19, 2018",1.0.1,4.1 and up
4710,Cheat Codes for GTA V,FAMILY,4.3,589,3.6M,"100,000+",Free,0,Mature 17+,Entertainment,"September 3, 2017",1.8.0,4.0 and up
4718,"Dating App, Flirt & Chat : W-Match",SOCIAL,4.3,175523,Varies with device,"10,000,000+",Free,0,Mature 17+,Social,"July 23, 2018",Varies with device,Varies with device
4783,Robocar X Ray,GAME,4.5,3432,99M,"1,000,000+",Free,0,Mature 17+,Action,"January 23, 2017",1.0,2.3 and up
4816,Experiment Z - Zombie,GAME,4.0,229329,88M,"10,000,000+",Free,0,Mature 17+,Action,"December 4, 2017",2.14,4.1 and up
4824,"Z Camera - Photo Editor, Beauty Selfie, Collage",PHOTOGRAPHY,4.4,1075016,47M,"100,000,000+",Free,0,Mature 17+,Photography,"August 3, 2018",4.21,4.1 and up
4826,Zombie War Z : Hero Survival Rules,GAME,3.9,1987,62M,"100,000+",Free,0,Mature 17+,Action,"December 13, 2017",1.8,4.0.3 and up
4836,Rage Z: Multiplayer Zombie FPS Online Shooter,GAME,4.1,11258,44M,"500,000+",Free,0,Mature 17+,Action,"December 8, 2016",1.25,4.2 and up
5049,iFunny :),FAMILY,4.4,503757,Varies with device,"10,000,000+",Free,0,Mature 17+,Entertainment,"August 2, 2018",Varies with device,Varies with device
5178,Replika,FAMILY,4.5,45458,35M,"1,000,000+",Free,0,Mature 17+,Entertainment,"August 3, 2018",1.5.49,4.4 and up
5217,Message AI - Write Better Messages,TOOLS,,0,7.9M,100+,Paid,$2.99,Mature 17+,Tools,"July 4, 2018",1.3.1,5.0 and up
5299,AK 47 Lock Screen,PERSONALIZATION,4.6,5,8.8M,500+,Free,0,Mature 17+,Personalization,"February 11, 2018",1.0,4.0.3 and up
5302,Jigsaw Puzzles AK 74M,PERSONALIZATION,,0,4.9M,10+,Free,0,Mature 17+,Personalization,"May 7, 2018",1.0,4.0.3 and up
5410,Virtual lover,FAMILY,4.6,45771,28M,"1,000,000+",Free,0,Mature 17+,Entertainment,"June 8, 2018",1.39,4.1 and up
5419,Kill Shot Bravo: Sniper FPS,GAME,4.4,579519,99M,"10,000,000+",Free,0,Mature 17+,Action,"July 18, 2018",5.1,4.1 and up
5422,High School Simulator 2017,FAMILY,4.2,123136,80M,"5,000,000+",Free,0,Mature 17+,Simulation,"June 25, 2018",1.0,4.0 and up
5425,Virtual Cigarette Smoking (prank),FAMILY,3.7,29838,Varies with device,"5,000,000+",Free,0,Mature 17+,Entertainment,"June 28, 2018",2.2,Varies with device
5431,virtual lover 3D,FAMILY,4.6,5195,64M,"100,000+",Free,0,Mature 17+,Entertainment,"April 18, 2018",1.3,4.1 and up
5436,GUYZ - Gay Chat & Gay Dating,SOCIAL,4.4,41269,Varies with device,"1,000,000+",Free,0,Mature 17+,Social,"May 10, 2017",1.3.6.4,4.0.3 and up
5441,Scanning under clothes (prank),FAMILY,3.7,1443,20M,"100,000+",Free,0,Mature 17+,Entertainment,"January 18, 2018",3.0,2.3 and up
5489,AP Art History Flashcards,FAMILY,5.0,1,96M,10+,Paid,$29.99,Mature 17+,Education,"January 19, 2016",3.30,4.0 and up
5517,Iron Blade,GAME,4.4,161637,82M,"10,000,000+",Free,0,Mature 17+,Action,"July 18, 2018",1.7.0m,4.0.3 and up
5526,Evil Apples: A Dirty Card Game,GAME,4.3,137696,55M,"5,000,000+",Free,0,Mature 17+,Word,"July 19, 2018",2.3.3,4.2 and up
5533,Sketchfab,FAMILY,4.3,906,9.2M,"50,000+",Free,0,Mature 17+,Entertainment,"March 9, 2018",0.46.0,4.4 and up
5619,Fandom: Five Nights at Freddys,FAMILY,4.4,17945,9.5M,"1,000,000+",Free,0,Mature 17+,Entertainment,"June 6, 2018",2.9.8,4.4 and up
5652,Au Mobile: Audition Chính Hiệu,GAME,3.9,85278,23M,"1,000,000+",Free,0,Mature 17+,Music,"July 17, 2018",1.8.0716,4.0.3 and up
5835,25 Mins Ako ay may lobo Etc Pinoy Kid Song Offline,FAMILY,,0,42M,10+,Free,0,Mature 17+,Entertainment,"July 29, 2018",3.0,2.3 and up
5837,Ako ay may lobo Pinoy Kid Song Offline,FAMILY,,0,9.7M,1+,Free,0,Mature 17+,Entertainment,"July 30, 2018",3.0,2.3 and up
5847,Lunar Calendar,LIFESTYLE,4.5,484,Varies with device,"1,000+",Paid,$4.99,Mature 17+,Lifestyle,"July 17, 2018",Varies with device,Varies with device
5849,Lunar Calendar Lite,LIFESTYLE,4.1,2954,Varies with device,"100,000+",Free,0,Mature 17+,Lifestyle,"July 17, 2018",Varies with device,Varies with device
5860,San Andreas Crime Stories,GAME,4.0,162530,97M,"10,000,000+",Free,0,Mature 17+,Racing,"July 2, 2018",1.0.0.0,4.1 and up
5862,Miami crime simulator,GAME,4.0,254518,100M,"10,000,000+",Free,0,Mature 17+,Action,"July 9, 2018",2.0,4.0 and up
5865,Gangster Town: Vice District,FAMILY,4.3,65146,100M,"10,000,000+",Free,0,Mature 17+,Simulation,"May 31, 2018",2.1,4.0 and up
6104,BF Combat: Genesis,GAME,4.0,3322,82M,"100,000+",Free,0,Mature 17+,Action,"March 2, 2017",5.1.6,2.3 and up
6105,"Women""s Health Tips(Breast,Face,Body,weight lose)",HEALTH_AND_FITNESS,4.2,2509,5.0M,"1,000,000+",Free,0,Mature 17+,Health & Fitness,"April 20, 2018",1.8,4.1 and up
6106,Combat BF: Black Ops 3,GAME,4.2,7699,83M,"500,000+",Free,0,Mature 17+,Action,"March 2, 2017",5.1.6,2.3 and up
6107,BF Beautiful Nature,FAMILY,3.6,5,2.5M,"1,000+",Free,0,Mature 17+,Entertainment,"June 11, 2015",4.1,3.0 and up
6111,Hot Bhojpuri Video Song 2018 - Free Movies,FAMILY,4.4,447,3.7M,"100,000+",Free,0,Mature 17+,Entertainment,"April 4, 2018",1.0,4.2 and up
6113,BF Frontline City,GAME,4.1,29798,80M,"1,000,000+",Free,0,Mature 17+,Action,"March 6, 2017",5.1.7,2.3 and up
6121,Virtual Boyfriend Chat,FAMILY,2.4,407,306k,"50,000+",Free,0,Mature 17+,Entertainment,"April 11, 2017",1.0,2.2 and up
6143,Zdravei.BG,SOCIAL,,6,6.1M,"1,000+",Free,0,Mature 17+,Social,"January 8, 2018",3.7.17,4.1 and up
6229,Radio Belo Horizonte,FAMILY,,0,4.3M,10+,Free,0,Mature 17+,Entertainment,"August 3, 2018",2,4.0 and up
6263,Gayvox - Gay Lesbian Bi Dating,SOCIAL,3.4,3640,9.1M,"500,000+",Free,0,Mature 17+,Social,"June 13, 2016",3.1.9,2.3 and up
6271,"Starg - Gay, Same Sex, Bi",DATING,3.7,66,7.3M,"10,000+",Free,0,Mature 17+,Dating,"November 29, 2016",1.0.6,4.1 and up
6281,Grindr - Gay chat,SOCIAL,3.6,284795,31M,"10,000,000+",Free,0,Mature 17+,Social,"August 3, 2018",4.1.2,4.3 and up
6285,Lesbian Chat & Dating - SPICY,SOCIAL,4.5,63765,11M,"1,000,000+",Free,0,Mature 17+,Social,"July 31, 2018",4.17.2,4.1 and up
6286,"Moco - Chat, Meet People",DATING,4.2,313769,Varies with device,"10,000,000+",Free,0,Mature 17+,Dating,"August 4, 2018",2.6.142,4.1 and up
6288,Hot or Not - Find someone right now,DATING,4.1,305737,Varies with device,"10,000,000+",Free,0,Mature 17+,Dating,"August 2, 2018",Varies with device,Varies with device
6289,happn – Local dating app,LIFESTYLE,4.3,1118201,Varies with device,"10,000,000+",Free,0,Mature 17+,Lifestyle,"July 24, 2018",Varies with device,Varies with device
6293,MeetMe: Chat & Meet New People,SOCIAL,4.2,1259723,76M,"50,000,000+",Free,0,Mature 17+,Social,"August 3, 2018",Varies with device,4.1 and up
6302,OkCupid Dating,DATING,4.1,285838,15M,"10,000,000+",Free,0,Mature 17+,Dating,"July 30, 2018",11.10.1,4.1 and up
6330,HON. B.J. ACS COLLEGE ALE,FAMILY,5.0,3,1.8M,100+,Free,0,Mature 17+,Education,"December 26, 2016",3.1,4.3 and up
6334,"뽕티비 - 개인방송, 인터넷방송, BJ방송",VIDEO_PLAYERS,,414,59M,"100,000+",Free,0,Mature 17+,Video Players & Editors,"July 18, 2018",4.0.7,4.0.3 and up
6370,Keyboard Theme Dusk BK Purple,PERSONALIZATION,4.5,248,2.8M,"10,000+",Free,0,Mature 17+,Personalization,"May 23, 2016",9.0,4.0.3 and up
6373,VK,SOCIAL,3.8,5793284,Varies with device,"100,000,000+",Free,0,Mature 17+,Social,"August 3, 2018",Varies with device,Varies with device
6402,Blood Domination - BL Game,GAME,4.5,415,52M,"10,000+",Free,0,Mature 17+,Adventure,"July 6, 2018",1.0.1,4.1 and up
6403,Yaoi Ooku: Distorted Love,FAMILY,4.0,2614,6.3M,"100,000+",Free,0,Mature 17+,Simulation,"April 14, 2015",1.0.8,2.2 and up
6405,Cerulean Heart,FAMILY,4.6,2683,25M,"10,000+",Free,0,Mature 17+,Simulation,"June 15, 2018",1.3.1,4.0 and up
6406,BL 女性向け恋愛ゲーム◆俺プリクロス,FAMILY,4.2,3379,62M,"100,000+",Free,0,Mature 17+,Simulation,"March 23, 2017",1.6.3,2.3.3 and up
6411,Daily Manga - Comic & Webtoon,COMICS,3.2,1462,7.1M,"100,000+",Free,0,Mature 17+,Comics,"May 18, 2018",1.0,4.0.3 and up
6417,BL 女性向け恋愛ゲーム◆ごくメン,FAMILY,4.2,1901,8.2M,"100,000+",Free,0,Mature 17+,Simulation,"July 7, 2016",1.3.0,2.3.3 and up
6418,あなカレ【BL】無料ゲーム,FAMILY,4.7,6073,8.5M,"100,000+",Free,0,Mature 17+,Simulation,"February 25, 2018",4.2.2,2.3 and up
6546,Badoo - Free Chat & Dating App,SOCIAL,4.3,3781467,Varies with device,"100,000,000+",Free,0,Mature 17+,Social,"August 2, 2018",Varies with device,Varies with device
6740,B@dL!bs Lite,GAME,3.8,10,36M,"1,000+",Free,0,Mature 17+,Word,"April 5, 2016",6,4.0.3 and up
6799,"BT Dating -Find your match, help cupid, be social",SOCIAL,4.1,158,26M,"50,000+",Free,0,Mature 17+,Social,"July 19, 2018",2.3,4.1 and up
6856,Bacteria Vaginosis,HEALTH_AND_FITNESS,4.0,4015,7.7M,"1,000,000+",Free,0,Mature 17+,Health & Fitness,"April 27, 2017",6.0,3.0 and up
6931,Keyboard Theme Gate Flat BW,PERSONALIZATION,4.5,75,2.6M,"10,000+",Free,0,Mature 17+,Personalization,"May 26, 2016",2.0,4.0.3 and up
7023,"Fiesta by Tango - Find, Meet and Make New Friends",SOCIAL,4.3,112223,34M,"1,000,000+",Free,0,Mature 17+,Social,"July 5, 2018",5.68.1,5.0 and up
7035,420 BZ Budeze Delivery,MEDICAL,5.0,2,11M,100+,Free,0,Mature 17+,Medical,"June 6, 2018",1.0.1,4.1 and up
7042,BZ Zombie VR,GAME,4.4,12,98M,"1,000+",Free,0,Mature 17+,Action,"February 7, 2018",1.4,4.4 and up
7066,Sniper Gun Shot 3D: Impossible Missions,GAME,4.6,20,34M,100+,Free,0,Mature 17+,Action,"May 4, 2018",1.0,4.0 and up
7077,Zoosk Dating App: Meet Singles,DATING,4.0,516917,Varies with device,"10,000,000+",Free,0,Mature 17+,Dating,"August 2, 2018",Varies with device,Varies with device
7103,Truck Chat & CB for Truckers,MAPS_AND_NAVIGATION,2.7,89,2.3M,"10,000+",Free,0,Mature 17+,Maps & Navigation,"July 31, 2018",1.0.10.5,4.0.3 and up
7124,Channel 19,COMMUNICATION,3.7,916,12M,"100,000+",Free,0,Mature 17+,Communication,"July 13, 2018",2.2.6,4.1 and up
7190,CD Supply,BUSINESS,,0,14M,5+,Free,0,Mature 17+,Business,"May 28, 2018",2.3.2,5.0 and up
7267,Special Forces Group 2,GAME,4.6,1432809,29M,"10,000,000+",Free,0,Mature 17+,Action,"July 29, 2018",3.3,4.0 and up
7298,CG Wallpapers,FAMILY,4.5,11,3.5M,500+,Free,0,Mature 17+,Entertainment,"June 19, 2018",12.1,4.0.3 and up
7397,Pharmacie de Garde CI et Prix,HEALTH_AND_FITNESS,4.4,2599,6.9M,"100,000+",Free,0,Mature 17+,Health & Fitness,"January 9, 2018",3.0.5.0,2.0 and up
7408,South Park: Phone Destroyer™,FAMILY,4.4,288835,91M,"5,000,000+",Free,0,Mature 17+,Strategy,"July 19, 2018",2.7.6,4.4 and up
7417,Grand Theft Auto: San Andreas,GAME,4.4,348962,26M,"1,000,000+",Paid,$6.99,Mature 17+,Action,"March 21, 2015",1.08,3.0 and up
7429,Miami Crime Vice Town,GAME,4.1,154519,99M,"10,000,000+",Free,0,Mature 17+,Action,"May 9, 2017",1.4,2.3 and up
7443,Gang Wars of San Andreas,GAME,4.1,9898,63M,"1,000,000+",Free,0,Mature 17+,Action,"February 15, 2018",Varies with device,4.0.3 and up
7451,FANDOM for: GTA,FAMILY,3.9,39038,9.5M,"5,000,000+",Free,0,Mature 17+,Entertainment,"June 6, 2018",2.9.8,4.4 and up
7453,Zombie Death Shooter,GAME,3.8,17372,45M,"1,000,000+",Free,0,Mature 17+,Arcade,"August 8, 2015",1.3,2.3 and up
7454,Project Grand Auto Town Sandbox Beta,GAME,3.7,7885,28M,"500,000+",Free,0,Mature 17+,Racing,"February 9, 2018",1.07,4.0 and up
7461,Louis CK,FAMILY,4.7,244,25M,"10,000+",Free,0,Mature 17+,Entertainment,"October 11, 2017",1.2.0,4.1 and up
7467,CONTRACT KILLER: ZOMBIES (NR),GAME,4.4,206602,13M,"5,000,000+",Free,0,Mature 17+,Action,"July 1, 2013",3.1.0,2.1 and up
7469,Brainf*ck Interpreter,FAMILY,4.0,24,1.9M,"1,000+",Free,0,Mature 17+,Entertainment,"September 3, 2016",1.0.6,2.3 and up
7474,CKZ ORIGINS,GAME,4.5,219821,10M,"1,000,000+",Free,0,Mature 17+,Action,"October 28, 2013",2.0.1,2.1 and up
7475,211:CK Lite,GAME,4.3,3,39M,10+,Free,0,Mature 17+,Action,"September 22, 2017",1.0,4.1 and up
7491,Fu*** Weather (Funny Weather),WEATHER,4.7,20001,Varies with device,"1,000,000+",Free,0,Mature 17+,Weather,"July 26, 2018",Varies with device,Varies with device
7497,CL Mobile Pro - Classifieds for Craigslist,SHOPPING,4.1,1288,18M,"100,000+",Free,0,Mature 17+,Shopping,"July 9, 2018",48,4.1 and up
7504,FREE CHATS C.L.,COMMUNICATION,,4,3.4M,10+,Paid,$0.99,Mature 17+,Communication,"February 12, 2018",11,4.0.3 and up
7508,DAILY: Free Classifieds App for Android,LIFESTYLE,4.1,5025,Varies with device,"500,000+",Free,0,Mature 17+,Lifestyle,"August 2, 2018",Varies with device,Varies with device
7519,cPro Marketplace: Buy. Sell. Rent. Date. Jobs.,SHOPPING,4.4,385764,8.4M,"10,000,000+",Free,0,Mature 17+,Shopping,"August 5, 2018",3.82,4.1 and up
7520,Postings (Craigslist Search App),SHOPPING,4.3,151095,12M,"5,000,000+",Free,0,Mature 17+,Shopping,"July 1, 2018",4.0.13,4.1 and up
7597,[adult swim],FAMILY,3.6,21433,21M,"1,000,000+",Free,0,Mature 17+,Entertainment,"May 29, 2018",3.0.1805181047,5.0 and up
7809,Critical Strike CS: Counter Terrorist Online FPS,GAME,4.3,22773,Varies with device,"1,000,000+",Free,0,Mature 17+,Action,"August 3, 2018",4.84,4.1 and up
7811,Assault Line CS Online Fps Go,GAME,4.1,52163,70M,"1,000,000+",Free,0,Mature 17+,Action,"July 13, 2016",1.1.2,2.3 and up
7812,Standoff 2,GAME,4.5,299046,47M,"10,000,000+",Free,0,Mature 17+,Action,"July 12, 2018",0.9.5,4.1 and up
7879,I AM C.T.,HEALTH_AND_FITNESS,4.6,28,20M,"1,000+",Free,0,Mature 17+,Health & Fitness,"April 27, 2017",1.0,4.0.3 and up
7996,FANDOM: Arrow and The Flash,FAMILY,4.5,3935,9.5M,"100,000+",Free,0,Mature 17+,Entertainment,"June 7, 2018",2.9.8,4.4 and up
8142,Rande.cz,SOCIAL,3.2,398,2.2M,"50,000+",Free,0,Mature 17+,Social,"December 3, 2014",1.0.1,2.3.3 and up
8181,Thuglife Video Maker,FAMILY,3.5,38824,12M,"1,000,000+",Free,0,Mature 17+,Entertainment,"January 21, 2018",2.4.1,5.0 and up
8196,The Visitor,GAME,4.1,39895,25M,"5,000,000+",Free,0,Mature 17+,Adventure,"January 2, 2018",1.2.3,4.1 and up
8249,FANDOM for: DC,FAMILY,4.4,6715,9.5M,"500,000+",Free,0,Mature 17+,Entertainment,"July 20, 2018",2.9.8.1,4.4 and up
8275,DC N COMPANY ENTERTAINMENT RADIO!,FAMILY,5.0,22,2.2M,100+,Free,0,Mature 17+,Entertainment,"November 2, 2017",1.4,4.4 and up
8347,Periscope - Live Video,SOCIAL,4.0,479939,15M,"10,000,000+",Free,0,Mature 17+,Social,"July 9, 2018",1.23.3.0,4.4 and up
8413,Daddyhunt: Gay Dating,SOCIAL,3.9,6450,14M,"500,000+",Free,0,Mature 17+,Social,"January 22, 2018",1.3.5,4.0 and up
8422,DH News,NEWS_AND_MAGAZINES,2.5,81,6.7M,"10,000+",Free,0,Mature 17+,News & Magazines,"November 27, 2017",3.4.5,4.0.3 and up
8443,Meme Generator Free,FAMILY,4.4,303394,53M,"10,000,000+",Free,0,Mature 17+,Entertainment,"August 3, 2018",4.426,4.1 and up
8461,HOLLA Live: Meet New People via Random Video Chat,SOCIAL,4.6,216513,Varies with device,"5,000,000+",Free,0,Mature 17+,Social,"August 6, 2018",Varies with device,Varies with device
8487,Dating.dk,SOCIAL,3.7,2111,11M,"100,000+",Free,0,Mature 17+,Social,"August 6, 2018",4.1.23,4.4 and up
8521,DL Hughley,FAMILY,4.6,12,10M,"1,000+",Free,0,Mature 17+,Entertainment,"March 23, 2018",2.0.4,4.1 and up
8543,DM Me - Chat,SOCIAL,2.9,90,30M,"10,000+",Free,0,Mature 17+,Social,"July 9, 2018",1.0,4.0.3 and up
8675,Dp For WhatsApp,PERSONALIZATION,4.4,1623,11M,"1,000,000+",Free,0,Mature 17+,Personalization,"June 23, 2018",2.7,4.0.3 and up
8683,Profile pictures for WhatsApp,PERSONALIZATION,4.7,10786,9.4M,"500,000+",Free,0,Mature 17+,Personalization,"May 20, 2018",2.3.1,4.3 and up
8703,"100000+ Messages - DP, Status, Jokes & GIF 2018",LIFESTYLE,3.7,121,3.8M,"10,000+",Free,0,Mature 17+,Lifestyle,"December 29, 2017",DPSTATUS1.0.1,4.0.3 and up
8755,myGrow,PRODUCTIVITY,4.6,84,23M,"1,000+",Paid,$4.29,Mature 17+,Productivity,"April 29, 2016",2.3.9,3.2 and up
8767,DR TV,VIDEO_PLAYERS,3.3,6716,4.7M,"500,000+",Free,0,Mature 17+,Video Players & Editors,"June 25, 2018",3.0.6,4.4 and up
8784,Dr Dre - Beatmaker,GAME,4.3,146,6.0M,"10,000+",Free,0,Mature 17+,Music,"February 28, 2018",5.3.8,4.0 and up
8787,Dr. Splorchy Presents Space Heroes,GAME,4.6,18,31M,100+,Paid,$4.99,Mature 17+,Adventure,"July 23, 2018",1.0,7.0 and up
9038,Age of Procreation DX,FAMILY,4.3,1894,40M,"100,000+",Free,0,Mature 17+,Simulation,"April 22, 2016",1.441,2.3 and up
9166,Modern Combat 5: eSports FPS,GAME,4.3,2903386,58M,"100,000,000+",Free,0,Mature 17+,Action,"July 24, 2018",3.2.1c,4.0 and up
9348,LA Stories 4 New Order Sandbox 2018,GAME,4.2,17453,99M,"1,000,000+",Free,0,Mature 17+,Racing,"June 1, 2018",1.06,2.3 and up
9353,L.A. Crime Stories Mad City Crime,GAME,4.0,30008,99M,"1,000,000+",Free,0,Mature 17+,Racing,"March 30, 2017",1.26,2.3 and up
9380,MazeMilitia Classic Multiplayer Shooting Game,GAME,4.4,1294,44M,"50,000+",Free,0,Mature 17+,Action,"March 8, 2018",1.2,4.1 and up
9382,ZOMBIE RIPPER,GAME,3.7,16073,94M,"500,000+",Free,0,Mature 17+,Action,"November 14, 2017",1.4,4.0 and up
9426,Egg,FAMILY,2.9,72,27M,"5,000+",Free,0,Mature 17+,Simulation,"June 9, 2018",1.2.2,2.3 and up
9432,Survival: Prison Escape,GAME,4.0,127810,33M,"10,000,000+",Free,0,Mature 17+,Action,"August 1, 2018",1.8.8,4.4 and up
9457,Rope Superhero Unlimited,GAME,4.4,6735,26M,"1,000,000+",Free,0,Mature 17+,Action,"May 10, 2017",1.1,2.3 and up
9591,Nuke Em All,FAMILY,3.4,2714,52M,"500,000+",Free,0,Mature 17+,Casual,"November 19, 2017",1.1.8,4.1 and up
9603,Yahoo Fantasy Sports - #1 Rated Fantasy App,SPORTS,4.2,277939,Varies with device,"5,000,000+",Free,0,Mature 17+,Sports,"August 2, 2018",Varies with device,Varies with device
9631,"NewsDog - Latest News, Breaking News, Local News",NEWS_AND_MAGAZINES,4.4,291901,4.3M,"10,000,000+",Free,0,Mature 17+,News & Magazines,"July 20, 2018",2.6.0,4.1 and up
9709,The Visitor: Ep.2 - Sleepover Slaughter,GAME,4.3,5731,31M,"1,000,000+",Free,0,Mature 17+,Adventure,"January 2, 2018",1.1.5,4.1 and up
9718,The Visitor: Ep.1 - Kitty Cat Carnage,GAME,4.4,3017,39M,"500,000+",Free,0,Mature 17+,Adventure,"January 2, 2018",1.3.7,4.3 and up
9847,Hornet - Gay Social Network,SOCIAL,4.0,163679,Varies with device,"5,000,000+",Free,0,Mature 17+,Social,"August 1, 2018",Varies with device,Varies with device
10006,XCOM®: Enemy Within,FAMILY,4.2,13752,21M,"100,000+",Paid,$9.99,Mature 17+,Strategy,"October 24, 2017",1.7.0,4.0 and up
10009,NATIVE ENTERTAINMENT MAGAZINE - ISSUE # 1,NEWS_AND_MAGAZINES,,0,62M,10+,Free,0,Mature 17+,News & Magazines,"December 16, 2017",1,4.1 and up
10168,"FEABIE: Feedees, BBW, BHM & FA",DATING,3.7,1212,Varies with device,"100,000+",Free,0,Mature 17+,Dating,"February 16, 2018",4.4.1,4.1 and up
10235,"Unlimited Group Links - Whatsapp, FB, Telegram",SOCIAL,3.4,44,2.8M,"10,000+",Free,0,Mature 17+,Social,"July 3, 2018",4.0,4.0.3 and up
10372,Survival Prison Escape v2: Free Action Game,FAMILY,4.1,44027,52M,"5,000,000+",Free,0,Mature 17+,Strategy,"February 21, 2018",1.0.9,2.3 and up
10383,Family Guy The Quest for Stuff,GAME,4.0,995002,Varies with device,"10,000,000+",Free,0,Mature 17+,Adventure,"July 25, 2018",1.73.0,4.1 and up
10384,Ambulance Simulator 3D,FAMILY,3.9,29415,66M,"1,000,000+",Free,0,Mature 17+,Simulation,"December 11, 2016",2.0.1,2.3 and up
10395,Zombie Sniper 3D III,GAME,3.9,8122,23M,"500,000+",Free,0,Mature 17+,Action,"February 28, 2017",1.8,2.3 and up
10507,Rope Hero: Vice Town,GAME,4.4,452589,99M,"10,000,000+",Free,0,Mature 17+,Action,"July 1, 2018",2.2,4.0 and up
10512,Funny Jokes,FAMILY,3.9,2505,2.9M,"100,000+",Free,0,Mature 17+,Entertainment,"June 18, 2018",1.2,4.1 and up
10618,Results for FL Lottery (Florida),FAMILY,,1,3.2M,100+,Free,0,Mature 17+,Entertainment,"November 2, 2017",2.27,4.0.3 and up
10701,F-O-Meter,FAMILY,,0,2.8M,1+,Free,0,Mature 17+,Entertainment,"August 2, 2018",1.0.1,4.0 and up
10714,FunForMobile Ringtones & Chat,SOCIAL,4.4,68358,7.2M,"5,000,000+",Free,0,Mature 17+,Social,"May 7, 2016",3.22,4.1 and up
10715,FarmersOnly Dating,DATING,3.0,1145,1.4M,"100,000+",Free,0,Mature 17+,Dating,"February 25, 2016",2.2,4.0 and up
10717,Frontline Terrorist Battle Shoot: Free FPS Shooter,GAME,4.2,9183,49M,"1,000,000+",Free,0,Mature 17+,Action,"June 22, 2018",1.1,4.4 and up
10735,FP VoiceBot,FAMILY,,17,157k,100+,Paid,$0.99,Mature 17+,Entertainment,"November 25, 2015",1.2,2.1 and up
10765,Chat For Strangers - Video Chat,SOCIAL,3.4,622,Varies with device,"100,000+",Free,0,Mature 17+,Social,"May 23, 2018",Varies with device,Varies with device
10783,Modern Counter Terror Attack – Shooting Game,GAME,4.2,340,72M,"50,000+",Free,0,Mature 17+,Action,"October 27, 2017",1.0,4.1 and up
10826,Frim: get new friends on local chat rooms,SOCIAL,4.0,88486,Varies with device,"5,000,000+",Free,0,Mature 17+,Social,"March 23, 2018",Varies with device,Varies with device
10839,The SCP Foundation DB fr nn5n,BOOKS_AND_REFERENCE,4.5,114,Varies with device,"1,000+",Free,0,Mature 17+,Books & Reference,"January 19, 2015",Varies with device,Varies with device
